,1 Accurate Long Balls,1 Corners,1 Dribbles Attempted,1 Dribbles Succeeded,1 Fouls Conceded,1 Goals,1 Interceptions,1 Long Balls,1 Offsides,1 Pass Completion,1 Possession,1 Red Cards,1 Shots,1 Shots Blocked,1 Shots woodwork,1 Tackles Attempted,1 Throws,1 Total Passes,1 Total Shots on Target,1 Total xG,1 Yellow Cards,2 Accurate Long Balls,2 Corners,2 Dribbles Attempted,2 Dribbles Succeeded,2 Fouls Conceded,2 Goals,2 Interceptions,2 Long Balls,2 Offsides,2 Pass Completion,2 Possession,2 Red Cards,2 Shots,2 Shots Blocked,2 Shots woodwork,2 Tackles Attempted,2 Throws,2 Total Passes,2 Total Shots on Target,2 Total xG,2 Yellow Cards,winner,fh winner
0,17,2,5,2,2,0,3,41,1,0.8,0.624,0,2,0,0,5,16,290,0,0.07,0,8,6,1,0,6,1,8,28,1,0.651,0.376,0,8,3,0,9,12,175,2,0.876,0,2,2
1,23,2,8,6,2,0,5,35,3,0.903,0.658,0,7,2,0,7,8,371,1,0.359,0,15,2,9,5,10,0,2,31,1,0.746,0.342,0,9,6,0,8,9,193,1,0.683,0,1,0
2,19,1,8,7,12,1,6,33,0,0.793,0.468,0,8,4,0,8,11,256,4,0.209,1,15,0,11,7,13,1,3,26,0,0.89,0.532,0,5,2,0,6,8,291,1,0.457,2,2,0
3,16,1,9,5,8,1,4,30,0,0.826,0.496,0,5,2,0,10,12,299,2,0.885,1,8,1,14,11,7,0,1,27,1,0.803,0.504,0,5,0,0,8,19,304,3,0.162,0,0,1
4,9,3,4,1,15,0,1,21,0,0.784,0.32,0,6,1,0,11,5,176,1,0.28,2,21,3,11,7,4,1,1,29,0,0.898,0.68,0,7,0,0,7,8,374,4,0.806,0,2,2
5,31,2,11,6,10,0,1,46,0,0.803,0.62,0,2,0,0,5,12,309,1,0.156,1,9,3,6,6,10,1,2,36,2,0.672,0.38,0,5,1,0,13,8,189,1,0.398,1,0,2
6,10,5,10,5,6,0,2,33,0,0.687,0.366,0,7,1,0,4,3,198,5,0.326,0,22,3,2,0,4,0,2,41,2,0.778,0.634,0,7,2,0,11,17,343,3,0.889,1,2,0
7,12,8,11,7,6,0,5,24,0,0.838,0.596,0,15,5,0,9,9,302,2,0.937,1,13,0,20,17,9,0,3,31,1,0.761,0.404,0,2,0,0,11,8,205,1,0.083,0,0,0
8,25,2,12,7,8,0,1,44,0,0.847,0.667,0,10,3,0,10,10,327,1,0.43,1,14,0,12,7,6,1,5,33,0,0.712,0.333,0,7,1,0,7,11,163,4,0.724,1,2,2
9,16,1,21,17,2,1,3,22,0,0.894,0.688,0,10,3,0,7,15,433,3,1.006,0,18,0,4,3,5,1,8,44,4,0.709,0.312,0,2,1,0,15,10,196,1,0.335,0,1,0
10,13,3,6,4,4,1,5,32,0,0.846,0.543,0,4,1,0,9,15,267,1,0.187,1,20,2,7,4,5,0,1,38,2,0.782,0.457,0,8,1,0,13,16,225,1,0.41,0,1,1
11,13,1,7,3,10,1,0,34,0,0.768,0.563,0,3,1,0,12,10,237,2,0.366,1,17,1,6,2,15,0,2,46,2,0.641,0.437,0,5,1,0,14,15,184,1,0.293,0,1,1
12,19,2,12,10,8,3,5,44,4,0.77,0.506,0,7,3,0,13,13,256,3,1.253,0,20,1,12,4,11,0,5,40,0,0.776,0.494,0,5,1,0,11,16,250,1,0.195,0,0,1
13,22,1,9,5,7,0,7,51,8,0.672,0.517,0,1,0,0,9,21,253,0,0.031,0,15,2,13,6,7,1,1,42,2,0.614,0.483,0,2,1,0,8,13,236,1,0.097,1,2,2
14,10,0,4,2,3,0,9,28,1,0.739,0.462,0,4,1,0,14,14,253,2,0.142,0,13,2,10,3,4,0,13,25,0,0.82,0.538,0,7,2,0,6,6,295,1,0.467,0,2,0
15,9,4,9,8,11,0,3,20,0,0.672,0.329,0,8,5,0,8,7,137,2,0.454,0,17,4,8,5,6,1,8,28,0,0.871,0.671,0,6,0,0,6,6,279,3,1.026,0,2,2
16,8,2,1,1,8,1,6,12,0,0.85,0.444,0,5,2,0,6,4,260,1,0.677,0,30,1,17,10,4,0,8,42,0,0.871,0.556,0,5,1,0,5,12,325,1,0.199,0,1,1
17,17,7,4,1,9,0,5,35,0,0.835,0.622,0,9,0,0,9,10,334,3,0.463,1,17,2,8,2,10,0,6,37,0,0.783,0.378,0,3,0,0,7,2,203,0,0.086,2,1,0
18,18,5,9,7,8,0,10,39,0,0.743,0.415,0,3,2,0,5,8,214,0,0.249,0,13,4,10,8,6,1,4,30,1,0.768,0.585,0,3,1,0,5,7,302,1,0.365,0,2,2
19,19,2,12,7,6,1,14,29,0,0.805,0.468,0,9,1,0,14,10,251,4,1.699,1,19,1,13,9,5,0,5,35,0,0.804,0.532,0,4,1,0,10,15,285,1,0.187,0,1,1
20,22,1,4,2,4,0,5,35,1,0.813,0.545,0,3,1,0,4,5,289,0,0.295,1,21,2,9,6,6,1,10,44,1,0.788,0.455,0,4,2,0,5,6,241,0,0.202,0,2,2
21,14,5,5,3,10,0,3,32,2,0.799,0.645,0,10,6,0,10,13,293,2,0.937,0,17,1,7,4,14,0,4,36,0,0.72,0.355,0,1,1,0,7,8,161,0,0.048,1,1,0
22,19,0,5,2,4,2,3,31,1,0.846,0.324,0,4,2,0,6,4,188,2,0.893,1,12,5,8,5,4,1,4,25,0,0.916,0.676,0,8,2,1,6,7,393,2,0.683,1,0,1
23,12,4,8,4,10,0,2,25,1,0.683,0.37,0,4,1,0,13,2,183,0,0.125,1,14,1,18,9,5,1,2,25,0,0.827,0.63,0,6,2,0,5,10,312,3,0.696,0,2,2
24,33,2,4,3,7,0,2,42,1,0.886,0.753,0,6,4,0,7,8,368,1,0.411,0,13,1,8,3,4,1,4,27,0,0.744,0.247,0,4,1,0,4,8,121,3,0.582,0,1,2
25,18,1,4,4,9,1,8,27,0,0.743,0.319,0,10,0,0,7,12,148,3,0.762,3,24,3,11,6,6,0,4,40,1,0.867,0.681,0,8,3,0,7,6,316,1,0.573,0,2,1
26,13,2,8,6,6,1,3,27,0,0.791,0.409,0,4,1,0,9,4,177,1,0.836,0,27,3,12,5,2,1,3,37,1,0.867,0.591,0,13,3,1,6,12,256,5,2.124,1,2,0
27,10,0,8,5,8,1,2,14,0,0.814,0.373,0,3,0,1,11,3,177,1,0.904,0,12,3,4,1,6,1,5,25,0,0.862,0.627,0,2,1,0,11,9,298,1,0.034,2,1,0
28,9,5,2,1,7,0,3,14,1,0.866,0.543,0,10,4,1,5,5,261,3,1.149,0,20,3,8,6,7,2,2,27,0,0.855,0.457,0,7,2,0,5,9,220,3,0.251,0,2,2
29,16,1,7,6,3,1,2,35,0,0.777,0.571,0,9,3,0,5,12,269,3,1.106,0,16,2,4,2,8,1,3,34,0,0.723,0.429,0,4,1,0,2,10,202,2,0.459,0,0,0
30,15,2,8,5,7,0,2,33,1,0.757,0.638,0,1,0,0,6,13,272,0,0.014,1,14,4,8,7,7,0,4,40,0,0.597,0.362,0,6,1,0,8,12,154,2,0.392,0,1,0
31,13,3,7,5,11,1,7,26,1,0.799,0.539,0,6,2,0,5,6,268,0,0.407,1,13,1,7,4,5,0,4,35,0,0.782,0.461,0,6,4,0,4,5,229,0,0.228,0,1,1
32,20,1,7,4,6,0,2,30,1,0.892,0.676,0,7,1,0,9,9,378,1,0.17,0,21,0,5,4,12,0,4,40,1,0.751,0.324,0,3,1,0,10,7,181,0,0.123,0,1,0
33,15,2,5,2,8,0,3,22,0,0.863,0.631,0,8,2,0,6,8,293,5,0.466,0,12,1,17,11,9,1,8,24,0,0.778,0.369,0,9,2,0,10,9,171,4,0.632,0,2,2
34,18,2,11,8,5,0,2,28,2,0.874,0.568,0,6,1,0,2,12,302,1,0.684,1,16,1,2,2,5,1,4,25,0,0.822,0.432,0,3,0,0,14,8,230,2,0.108,1,2,2
35,13,0,7,4,8,0,10,33,1,0.755,0.436,0,4,0,0,5,8,188,2,0.088,0,12,1,5,2,10,0,3,29,1,0.77,0.564,0,1,0,0,6,13,243,1,0.062,1,2,0
36,13,0,8,5,8,1,8,32,2,0.669,0.279,0,5,2,0,9,10,145,1,0.283,0,18,2,5,3,6,0,4,36,0,0.837,0.721,0,9,3,0,8,10,375,2,0.682,1,2,1
37,22,4,3,3,5,1,3,36,0,0.83,0.664,0,7,3,0,7,6,336,1,0.8,0,13,1,7,5,7,0,8,26,0,0.735,0.336,0,7,1,1,1,8,170,4,0.369,1,0,1
38,28,3,11,4,7,0,3,38,0,0.826,0.554,0,5,2,0,8,10,304,3,0.208,0,18,1,3,2,11,0,7,38,0,0.804,0.446,0,3,0,0,11,5,245,1,0.076,1,1,0
39,17,1,2,1,10,2,1,34,0,0.812,0.564,0,4,1,0,6,11,261,2,0.516,0,18,2,3,2,9,0,3,32,2,0.752,0.436,1,1,0,0,2,6,202,1,0.065,1,1,1
40,10,3,10,6,6,0,6,18,0,0.805,0.533,0,9,3,0,14,10,226,3,0.774,1,19,3,20,14,11,0,2,34,0,0.818,0.467,0,5,3,0,8,6,198,0,0.218,1,1,0
41,10,1,3,2,4,1,6,22,0,0.837,0.454,0,5,0,0,6,9,233,3,0.63,1,14,4,7,4,4,1,2,31,0,0.821,0.546,0,7,4,0,6,7,280,1,1.03,0,0,0
42,12,3,5,3,11,0,7,28,0,0.716,0.396,0,5,0,0,8,10,183,2,0.332,1,19,2,8,4,5,0,2,36,2,0.803,0.604,0,4,2,0,6,7,279,0,0.197,0,2,0
43,21,4,13,11,7,0,2,35,1,0.839,0.556,0,12,5,0,8,10,322,1,1.226,0,18,0,5,2,4,0,8,36,1,0.817,0.444,0,4,1,0,3,6,257,1,0.099,1,1,0
44,22,2,5,3,8,0,5,39,2,0.78,0.569,0,2,1,0,11,11,273,0,0.366,1,18,1,9,7,11,0,6,31,1,0.739,0.431,0,4,1,0,4,10,207,1,0.338,1,2,0
45,13,2,8,5,11,0,8,32,0,0.674,0.374,0,6,0,0,7,4,172,4,0.427,1,13,2,12,10,10,1,6,28,0,0.785,0.626,0,6,2,0,8,16,288,1,0.27,1,2,2
46,13,1,5,3,9,2,4,27,1,0.679,0.344,0,1,0,0,7,13,131,1,0.76,1,25,4,7,3,7,1,3,33,0,0.824,0.656,0,7,2,0,9,9,250,1,0.493,0,1,1
47,12,4,4,2,6,0,2,32,0,0.668,0.354,0,8,2,0,10,4,184,3,0.531,0,14,2,9,6,7,0,4,29,0,0.881,0.646,0,4,2,0,4,11,336,0,0.085,1,2,0
48,15,6,4,2,3,1,1,20,0,0.9,0.8,0,12,3,0,3,2,399,4,0.507,0,13,0,5,3,9,1,12,31,0,0.64,0.2,0,8,1,0,11,5,100,2,0.96,0,0,0
49,24,0,14,11,4,1,2,36,0,0.891,0.73,0,3,1,0,6,9,440,2,0.2,1,17,3,8,3,10,1,5,28,1,0.718,0.27,0,5,2,0,6,16,163,1,0.945,0,0,0
50,8,0,3,2,7,3,12,19,0,0.816,0.53,0,10,2,0,8,8,239,7,2.122,0,11,1,3,2,7,1,6,24,2,0.783,0.47,0,6,1,0,7,10,212,2,0.371,1,1,1
51,13,2,8,5,7,0,6,24,2,0.769,0.429,0,8,2,0,4,9,182,2,0.95,1,11,4,5,3,10,0,4,26,1,0.81,0.571,0,6,2,0,7,5,242,1,0.28,0,2,0
52,23,4,14,10,4,1,6,30,0,0.9,0.766,0,7,1,0,7,7,380,2,1.306,0,12,0,5,4,9,1,5,21,0,0.784,0.234,0,3,0,0,9,5,116,2,0.819,3,0,0
53,12,2,16,13,4,1,11,21,0,0.867,0.497,0,5,1,0,6,6,285,1,0.921,0,13,1,13,7,5,0,7,34,0,0.823,0.503,0,3,1,0,9,8,288,0,0.29,0,0,1
54,11,1,10,7,8,0,12,29,0,0.709,0.376,0,4,1,0,6,13,182,1,0.142,1,18,0,12,6,9,1,5,32,2,0.825,0.624,0,5,1,1,7,16,302,2,0.608,0,2,2
55,12,2,10,5,8,1,2,29,0,0.677,0.369,0,6,1,0,8,8,158,2,0.375,0,17,2,12,11,8,0,7,24,1,0.863,0.631,0,8,4,0,7,5,270,1,0.334,0,1,1
56,11,3,2,1,7,0,3,24,0,0.791,0.458,0,5,0,0,6,11,244,3,0.504,0,24,4,10,7,5,0,3,40,0,0.82,0.542,0,5,2,0,9,11,289,1,0.197,0,2,0
57,12,3,18,10,10,0,2,34,0,0.839,0.663,0,9,4,0,6,11,267,2,0.884,1,4,1,5,3,6,0,4,28,0,0.544,0.337,0,8,2,0,12,17,136,2,0.594,1,2,0
58,6,1,7,4,7,0,7,26,0,0.514,0.211,0,2,0,0,3,9,111,0,0.034,0,17,2,6,3,9,0,2,25,0,0.872,0.789,0,10,5,0,2,12,415,1,0.618,0,2,0
59,16,3,6,4,8,2,3,32,3,0.649,0.381,0,5,3,0,13,12,185,2,0.5,0,21,2,5,1,6,0,2,43,0,0.787,0.619,0,4,2,0,10,14,300,0,0.234,0,1,1
60,14,3,3,2,8,1,3,31,0,0.722,0.457,0,5,2,0,12,6,212,2,0.56,0,10,3,13,9,11,0,9,26,1,0.75,0.543,0,8,1,0,11,15,252,2,0.348,1,1,1
61,12,2,17,12,8,0,6,29,1,0.794,0.641,0,10,4,0,3,15,257,1,0.542,1,11,3,2,0,11,0,6,31,0,0.604,0.359,0,9,1,0,7,6,144,2,1.103,1,2,0
62,10,0,5,2,7,0,10,22,1,0.675,0.251,0,3,0,0,4,5,123,1,0.139,0,18,5,8,5,3,1,3,30,1,0.875,0.749,0,10,2,0,4,10,368,3,0.44,0,0,2
63,19,2,2,1,8,5,2,27,2,0.9,0.597,0,7,1,0,6,2,230,6,2.63,1,16,0,4,2,6,0,3,27,0,0.819,0.403,0,3,0,0,3,6,155,0,0.17,1,1,1
64,27,4,6,2,6,0,4,48,2,0.835,0.533,0,4,1,0,6,11,284,0,0.304,0,5,2,9,5,7,0,6,17,0,0.835,0.467,0,9,5,0,8,5,249,1,0.505,2,2,0
65,10,0,3,1,8,0,6,30,1,0.789,0.459,0,4,1,0,6,6,223,1,0.08,0,19,4,5,1,3,0,2,28,0,0.837,0.541,0,8,3,0,4,8,263,1,0.653,0,0,0
66,11,1,3,2,8,0,3,29,1,0.647,0.336,0,7,2,0,4,9,167,1,0.528,1,25,1,3,1,8,0,4,43,0,0.848,0.664,0,6,1,0,2,6,330,1,0.15,0,1,0
67,23,2,5,3,11,0,3,39,0,0.737,0.529,0,5,1,0,7,9,228,1,0.224,0,23,2,2,1,6,1,3,48,2,0.773,0.471,0,4,1,0,4,14,203,1,0.281,0,0,2
68,16,0,4,2,5,0,5,37,1,0.724,0.417,0,1,0,0,3,17,228,0,0.013,0,25,3,5,3,5,1,1,48,1,0.781,0.583,0,4,1,0,3,12,319,1,0.285,0,2,2
69,8,1,4,2,11,0,1,26,0,0.694,0.248,0,4,0,0,6,6,121,1,0.158,2,18,3,10,7,5,0,3,29,0,0.866,0.752,0,7,3,0,8,12,366,2,0.674,0,1,0
70,15,1,11,6,5,1,6,30,0,0.798,0.497,1,6,2,0,6,18,233,3,0.444,0,8,2,6,5,10,1,11,17,1,0.797,0.503,0,5,1,0,9,7,236,2,1.405,0,2,0
71,14,2,7,3,1,0,5,18,0,0.853,0.405,0,11,2,0,3,6,211,2,0.863,0,16,4,4,3,8,0,2,21,1,0.89,0.595,0,3,1,0,5,6,310,1,0.105,0,1,0
72,11,2,11,7,4,1,7,22,1,0.867,0.432,0,8,4,0,9,3,278,2,0.684,0,10,1,12,8,2,0,5,22,0,0.918,0.568,0,6,1,0,7,5,366,3,0.279,0,1,1
73,14,4,3,3,3,0,6,28,0,0.698,0.517,0,8,2,0,7,14,252,1,0.297,0,17,3,11,4,7,0,6,32,0,0.732,0.483,0,7,2,0,3,15,235,1,0.318,0,1,0
74,13,1,4,3,10,1,5,36,0,0.631,0.348,0,5,2,0,5,7,160,1,0.311,0,27,3,8,6,5,1,3,52,0,0.773,0.652,0,7,1,0,2,9,300,1,0.619,2,0,0
75,11,3,2,2,6,0,4,34,0,0.669,0.288,0,1,1,0,9,5,157,0,0.022,1,18,2,9,7,4,0,0,30,1,0.861,0.712,0,5,0,0,4,9,389,2,0.206,0,0,0
76,11,1,6,4,3,1,4,28,0,0.808,0.585,0,3,1,0,4,9,245,1,0.139,0,17,4,5,3,8,1,6,33,2,0.73,0.415,0,7,0,0,5,12,174,5,1.074,0,0,0
77,16,4,8,5,3,1,11,29,1,0.865,0.643,0,10,2,0,5,4,326,3,1.839,0,11,0,7,6,5,1,6,21,1,0.773,0.357,0,5,0,0,4,6,181,1,0.688,1,1,0
78,13,6,22,14,4,2,2,18,0,0.938,0.734,0,8,2,2,9,8,534,3,0.896,0,10,1,15,8,4,1,7,22,0,0.809,0.266,0,3,0,0,11,4,194,3,0.885,0,1,1
79,10,5,8,2,8,0,8,20,0,0.818,0.393,0,3,1,0,4,9,209,1,0.068,0,23,3,11,9,3,2,11,30,0,0.898,0.607,0,11,2,0,10,2,323,4,1.791,0,0,2
80,13,2,11,5,8,0,4,19,1,0.912,0.647,0,3,0,0,13,10,375,3,0.138,0,7,3,12,6,17,0,9,15,1,0.849,0.353,0,8,2,0,13,11,205,5,0.597,1,0,0
81,8,1,1,0,5,0,9,25,1,0.779,0.3,0,2,0,0,4,2,195,1,0.192,1,12,0,2,2,8,0,8,21,0,0.91,0.7,0,4,0,0,5,7,455,1,0.822,0,2,0
82,18,4,5,3,5,1,0,25,0,0.906,0.788,0,7,3,0,3,6,427,4,0.83,0,8,1,4,4,13,0,8,31,0,0.652,0.212,0,2,0,0,7,6,115,0,0.106,2,2,1
83,30,4,16,14,4,1,6,36,0,0.913,0.649,0,9,2,0,7,14,413,3,0.829,0,8,0,2,0,10,1,9,19,0,0.843,0.351,0,1,0,0,14,9,223,1,0.045,0,2,0
84,9,1,16,10,6,1,3,14,0,0.886,0.746,0,6,2,0,2,11,421,3,1.802,1,15,3,3,2,11,1,4,29,1,0.727,0.254,0,8,3,0,9,5,143,3,0.903,2,0,0
85,13,3,10,7,7,1,9,23,1,0.859,0.425,0,4,0,1,10,9,277,2,0.647,2,23,3,9,4,3,0,9,27,1,0.909,0.575,0,2,0,0,8,7,375,1,0.487,0,1,1
86,10,3,6,2,8,0,3,18,1,0.83,0.35,0,4,1,0,6,7,182,2,0.143,1,18,1,6,3,1,3,2,22,0,0.908,0.65,0,7,2,0,13,6,338,3,0.769,0,2,2
87,11,2,6,4,10,1,4,29,0,0.664,0.268,0,3,0,0,15,9,140,2,1.098,2,11,1,15,8,5,0,1,14,0,0.89,0.732,0,6,2,0,9,9,383,1,0.943,2,0,1
88,13,1,5,4,11,0,3,36,0,0.653,0.311,0,4,0,0,8,9,144,1,0.218,2,17,0,13,8,7,0,2,28,1,0.862,0.689,0,3,0,1,5,4,319,1,0.587,1,1,0
89,18,2,4,2,5,1,0,25,0,0.876,0.48,0,6,0,0,5,10,315,3,1.076,0,16,2,7,5,7,1,3,30,1,0.88,0.52,0,4,1,0,5,6,341,1,0.303,0,0,0
90,8,0,12,8,9,1,4,12,0,0.891,0.446,0,5,1,0,9,7,274,4,0.819,1,22,3,14,11,10,1,7,30,0,0.9,0.554,0,6,2,0,9,3,341,3,1.239,2,2,0
91,9,1,6,3,11,0,7,20,1,0.732,0.331,0,2,1,0,5,13,198,1,0.06,1,14,1,9,8,4,1,5,25,0,0.868,0.669,1,2,0,0,8,7,401,1,0.101,1,2,2
92,18,1,8,6,8,0,3,27,0,0.812,0.283,0,0,0,0,8,4,170,0,0.0,0,24,4,8,6,5,1,3,29,1,0.905,0.717,0,13,3,0,6,3,431,4,2.161,0,2,2
93,11,4,7,6,3,4,5,16,1,0.888,0.596,0,8,2,0,7,8,376,5,1.919,0,20,2,7,4,3,0,5,29,0,0.808,0.404,0,2,2,0,2,6,255,0,0.096,0,1,1
94,23,9,2,1,1,0,6,28,1,0.888,0.623,0,13,2,0,2,13,365,7,1.151,0,15,2,4,1,11,0,7,23,0,0.842,0.377,0,4,0,0,8,3,221,2,0.886,1,1,0
95,12,2,7,3,3,3,8,21,0,0.9,0.831,0,6,0,1,9,8,512,3,0.651,1,5,0,5,1,4,1,15,21,1,0.587,0.169,0,2,0,0,6,5,104,0,0.439,0,1,1
96,13,1,5,2,5,0,10,28,0,0.732,0.29,0,3,1,0,8,10,153,2,0.381,1,13,0,14,8,6,2,5,25,2,0.909,0.71,0,6,2,0,7,14,375,4,1.433,1,2,2
97,19,1,8,6,7,2,2,28,2,0.864,0.652,0,10,3,1,6,8,346,2,1.466,1,14,1,8,3,6,1,3,25,2,0.784,0.348,0,3,1,0,5,6,185,2,0.984,1,1,1
98,17,0,8,3,5,0,5,34,2,0.796,0.341,0,2,0,0,12,7,211,1,0.063,0,18,2,7,3,6,2,7,25,0,0.907,0.659,0,10,3,0,7,7,407,6,1.893,0,2,2
99,13,2,11,8,10,2,8,26,0,0.771,0.321,0,8,3,1,15,6,192,3,1.008,0,14,3,19,13,9,0,2,23,0,0.882,0.679,0,6,3,0,6,11,406,1,0.602,2,1,1
100,14,1,6,2,13,1,6,31,0,0.812,0.32,0,3,1,0,10,8,207,1,0.754,0,14,1,9,3,1,0,7,21,4,0.916,0.68,0,3,1,0,7,4,439,0,0.412,0,2,1
101,22,2,4,2,2,0,8,41,0,0.771,0.343,0,6,2,0,6,7,218,3,0.842,0,16,2,7,5,9,1,6,21,2,0.888,0.657,0,5,3,0,5,4,418,1,0.404,1,2,2
102,13,1,3,1,4,1,12,30,0,0.65,0.199,0,1,0,0,4,5,117,1,0.799,0,7,7,7,5,5,0,3,19,1,0.875,0.801,0,6,1,0,5,10,471,2,0.325,0,1,1
103,20,0,3,3,6,1,1,26,0,0.819,0.398,0,4,1,0,9,10,227,2,0.396,1,17,4,10,6,3,2,5,25,3,0.892,0.602,0,8,0,0,9,10,344,7,1.047,0,2,2
104,15,4,5,3,3,2,6,20,4,0.906,0.768,0,7,3,0,6,5,470,3,0.843,0,19,3,6,6,10,0,14,29,0,0.704,0.232,0,3,1,0,10,3,142,1,0.22,1,1,1
105,11,2,7,4,9,0,6,16,0,0.894,0.641,0,7,2,0,7,9,376,2,0.534,2,15,0,9,5,6,0,15,31,1,0.768,0.359,0,4,0,1,6,7,211,1,0.15,1,1,0
106,12,0,2,2,15,0,11,28,0,0.833,0.431,0,0,0,0,7,6,239,0,0.0,3,18,2,3,3,7,1,6,30,0,0.889,0.569,0,4,0,0,9,7,316,3,0.556,1,2,2
107,14,2,14,9,9,1,3,21,0,0.897,0.631,0,7,0,0,4,9,339,3,0.929,0,9,0,1,0,11,0,7,19,0,0.793,0.369,0,1,0,0,5,13,198,1,0.015,1,1,1
108,24,3,4,3,3,2,6,34,0,0.9,0.75,0,13,3,0,7,8,470,7,2.47,0,13,1,4,1,7,0,3,26,1,0.745,0.25,0,3,1,0,8,4,157,0,0.375,0,1,1
109,14,8,15,10,7,1,5,22,2,0.883,0.831,0,11,4,0,4,20,463,4,1.618,0,8,0,3,3,5,0,11,25,0,0.574,0.169,0,1,0,0,8,4,94,0,0.422,0,0,1
110,16,3,15,9,4,0,7,23,2,0.91,0.661,0,2,0,0,3,7,390,2,0.526,0,12,3,2,1,6,0,11,27,1,0.795,0.339,0,3,0,0,10,2,200,1,0.381,0,1,0
111,10,1,16,10,8,1,3,18,1,0.842,0.344,0,3,0,0,3,7,196,1,0.739,0,15,1,10,8,4,2,4,27,2,0.901,0.656,0,10,4,1,13,7,374,5,2.934,0,2,2
112,12,3,6,4,5,1,4,18,0,0.871,0.483,0,7,0,0,2,5,264,3,1.354,2,16,3,3,3,6,1,4,32,0,0.834,0.517,0,6,1,0,7,7,283,3,0.492,2,1,0
113,23,0,14,4,5,3,5,36,2,0.859,0.71,0,8,1,0,12,14,391,6,1.936,0,14,1,6,2,10,0,16,27,2,0.719,0.29,0,4,0,0,15,9,160,2,0.136,0,1,1
114,20,1,14,10,6,1,2,28,0,0.926,0.809,0,4,0,0,5,13,528,1,0.252,0,9,0,2,1,9,0,7,26,0,0.68,0.191,0,2,1,0,10,7,125,0,0.551,1,1,1
115,7,3,7,4,8,0,11,18,1,0.762,0.229,0,5,3,0,12,5,126,1,0.686,1,22,6,9,7,3,1,1,32,0,0.915,0.771,0,10,5,1,7,9,424,1,1.395,1,0,2
116,12,1,8,7,4,0,3,20,1,0.873,0.502,0,3,2,0,3,7,299,0,0.546,3,25,4,7,6,9,0,5,39,0,0.838,0.498,0,12,5,0,6,11,297,3,0.65,0,0,0
117,19,3,8,6,1,2,3,27,0,0.88,0.506,0,4,1,0,10,10,326,2,0.177,1,26,3,8,6,6,1,2,36,1,0.884,0.494,0,6,3,0,9,12,318,1,0.176,0,1,1
118,11,1,7,5,2,1,3,26,0,0.809,0.283,0,6,0,0,6,2,173,3,0.962,1,18,4,14,8,4,3,1,23,2,0.907,0.717,0,8,2,0,3,7,439,5,0.865,0,2,2
119,10,2,7,4,9,0,0,22,1,0.776,0.358,0,4,3,0,4,17,196,0,0.213,0,22,1,7,4,8,1,2,32,2,0.889,0.642,0,6,0,0,5,11,351,5,2.02,1,1,2
120,18,6,12,10,9,4,5,24,2,0.887,0.66,0,12,2,1,8,7,372,8,1.737,1,16,1,8,4,5,1,5,28,0,0.786,0.34,0,3,0,0,10,4,192,1,0.418,0,1,1
121,17,5,8,4,5,1,2,27,1,0.887,0.552,0,7,1,0,5,5,328,2,1.012,0,14,1,5,3,5,1,3,23,1,0.838,0.448,0,4,1,0,8,6,266,2,0.599,0,0,0
122,18,5,15,14,4,2,6,25,0,0.894,0.693,0,11,1,1,7,6,424,4,2.306,0,8,1,4,1,6,0,5,20,2,0.766,0.307,0,0,0,0,3,5,188,0,0.0,0,1,1
123,20,1,5,2,6,0,6,31,2,0.834,0.271,0,5,0,0,9,3,187,4,1.037,0,16,0,8,3,8,0,1,19,0,0.944,0.729,0,3,1,0,5,11,504,1,0.083,2,1,0
124,26,8,16,11,1,0,1,38,0,0.885,0.783,0,8,3,1,5,11,444,0,0.345,0,12,2,4,3,5,1,6,30,0,0.667,0.217,0,5,0,0,7,8,123,3,0.26,0,2,2
125,21,1,10,7,5,0,4,32,1,0.803,0.363,0,4,3,0,5,5,203,0,0.218,0,21,1,12,9,7,3,0,26,0,0.91,0.637,0,12,0,3,8,8,356,6,2.287,0,2,2
126,17,2,12,9,5,0,2,22,2,0.855,0.712,0,7,2,0,5,11,415,2,0.331,1,20,1,10,6,10,0,7,34,0,0.75,0.288,0,6,2,0,7,9,168,0,0.623,0,1,0
127,11,1,11,8,7,0,6,32,0,0.71,0.271,0,4,2,0,3,6,162,1,0.478,1,22,3,6,5,10,1,5,26,0,0.901,0.729,0,7,3,0,6,6,435,3,1.218,1,2,2
128,10,2,11,6,6,0,5,27,2,0.837,0.585,0,7,1,0,13,5,344,3,0.589,2,10,1,6,2,5,0,4,26,2,0.779,0.415,0,4,2,0,7,13,244,1,0.328,0,1,0
129,21,5,6,5,3,0,4,29,2,0.884,0.748,0,3,1,0,6,11,474,0,0.337,0,18,1,3,1,9,0,7,36,0,0.706,0.252,0,3,1,1,10,3,160,1,0.526,1,1,0
130,19,2,13,8,9,1,2,27,0,0.918,0.716,0,7,2,0,9,4,391,3,0.306,0,13,1,5,5,7,1,2,21,1,0.768,0.284,0,4,3,0,11,8,155,1,0.911,1,0,0
131,12,0,8,5,9,2,3,17,0,0.902,0.594,0,4,0,0,4,6,326,4,0.952,2,17,0,2,2,11,1,6,30,1,0.803,0.406,0,2,0,0,6,8,223,1,0.147,1,1,1
132,19,2,12,8,8,3,2,27,0,0.862,0.647,0,11,3,0,8,11,326,5,1.291,0,8,2,6,3,7,1,6,23,1,0.747,0.353,0,4,1,0,6,10,178,1,0.572,1,1,1
133,5,2,9,7,3,0,7,19,2,0.747,0.308,0,6,2,0,6,11,186,3,0.357,0,25,2,7,7,4,2,6,29,0,0.895,0.692,0,5,2,0,6,5,418,2,0.675,1,2,2
134,18,1,6,5,9,1,9,29,1,0.713,0.252,0,2,0,0,11,3,136,1,0.072,1,27,3,11,6,5,0,2,32,0,0.921,0.748,0,8,2,1,3,9,404,3,0.42,0,0,1
135,18,2,5,3,7,0,9,36,2,0.769,0.371,0,2,1,0,5,8,225,0,0.078,1,25,2,13,8,5,0,5,35,0,0.853,0.629,0,4,1,0,5,11,381,2,0.174,1,0,0
136,19,3,5,2,8,0,10,25,0,0.894,0.422,0,5,0,0,7,3,301,1,0.424,1,19,1,7,5,6,0,5,26,0,0.91,0.578,0,6,2,0,5,9,413,3,0.761,0,1,0
137,19,2,1,1,8,0,5,38,0,0.752,0.428,0,4,0,0,5,6,218,0,0.306,1,20,1,8,5,9,1,2,30,3,0.835,0.572,0,3,1,0,6,9,291,1,0.403,0,2,2
138,7,0,3,2,9,2,4,16,0,0.848,0.295,0,6,2,0,6,7,151,3,1.074,2,22,2,5,4,11,2,0,33,3,0.895,0.705,0,3,0,0,7,4,361,3,1.084,3,2,0
139,14,2,8,6,12,1,7,29,1,0.693,0.292,0,5,0,0,7,8,150,1,0.846,0,12,2,9,3,6,0,1,16,0,0.879,0.708,0,3,2,0,10,14,364,0,0.338,1,1,1
140,12,0,6,1,7,1,3,29,1,0.651,0.233,0,6,0,0,8,8,126,2,0.251,1,15,3,16,11,6,0,1,26,1,0.85,0.767,0,4,2,0,7,17,414,2,0.127,1,2,1
141,16,0,11,5,4,2,3,30,1,0.875,0.767,0,6,1,0,4,8,392,4,0.948,0,8,1,2,0,15,0,10,25,1,0.588,0.233,0,2,1,0,7,7,119,0,0.219,0,1,1
142,12,5,6,3,10,0,10,25,0,0.776,0.355,0,10,3,0,11,12,205,2,0.99,2,24,4,6,5,4,0,3,34,0,0.877,0.645,0,6,3,1,7,11,373,1,0.721,2,2,0
143,30,1,6,5,6,2,6,39,4,0.907,0.738,0,4,1,0,4,8,460,2,0.346,0,13,1,7,5,8,0,4,27,1,0.767,0.262,0,1,0,0,5,5,163,0,0.109,0,1,1
144,9,4,12,7,4,0,3,11,0,0.926,0.805,0,8,3,0,6,11,517,2,0.648,0,12,0,5,1,11,0,2,26,2,0.712,0.195,0,1,0,0,10,6,125,0,0.024,1,1,0
145,16,3,17,11,4,3,4,25,1,0.896,0.566,0,7,1,0,7,5,307,4,1.049,1,17,7,6,5,7,0,4,23,2,0.834,0.434,0,8,1,0,13,4,235,3,0.671,2,1,1
146,15,1,12,7,11,0,3,30,1,0.73,0.282,0,5,1,0,6,17,174,3,0.15,1,22,0,14,11,5,1,5,28,3,0.901,0.718,0,5,0,1,10,8,443,2,0.285,0,1,2
147,16,3,10,6,4,2,3,24,1,0.875,0.566,0,9,1,0,5,14,280,4,0.989,0,9,6,7,4,7,0,3,20,4,0.781,0.434,0,7,1,1,13,5,215,1,0.445,0,1,1
148,11,0,6,3,13,0,6,20,1,0.807,0.354,0,1,1,0,17,10,212,0,0.033,1,10,3,18,11,6,0,6,15,0,0.907,0.646,0,2,1,0,6,2,387,0,0.101,1,0,0
149,19,4,6,3,6,0,9,25,2,0.806,0.373,0,7,1,0,11,7,217,1,0.603,0,19,2,14,9,5,3,4,27,2,0.882,0.627,0,9,2,2,13,6,364,5,1.52,0,2,2
150,11,2,6,3,9,2,5,24,1,0.745,0.375,0,7,3,0,9,8,200,2,0.662,0,11,2,10,5,11,1,6,22,2,0.865,0.625,0,5,2,0,7,14,334,3,0.264,1,2,1
151,26,3,18,11,10,2,13,33,2,0.858,0.593,0,5,1,0,4,10,323,3,0.891,0,15,3,13,9,8,0,12,25,0,0.797,0.407,0,4,1,0,10,6,222,1,0.404,0,1,1
152,19,0,5,2,9,1,2,26,0,0.734,0.2,0,6,0,0,9,2,109,1,1.15,0,37,2,11,6,4,2,1,42,1,0.927,0.8,0,6,1,0,6,5,437,5,1.273,2,2,2
153,12,1,12,6,8,1,5,21,1,0.886,0.609,0,7,5,0,11,9,367,2,1.157,0,10,2,8,6,13,0,11,25,2,0.763,0.391,0,2,1,0,13,7,236,0,0.041,2,1,1
154,5,2,5,2,7,0,6,23,0,0.828,0.56,0,8,5,0,10,6,314,1,0.723,0,15,4,4,1,4,2,7,28,2,0.846,0.44,0,6,2,0,9,5,247,4,1.079,0,2,2
155,11,5,4,3,9,0,5,29,1,0.749,0.358,0,6,2,0,9,9,199,2,0.77,0,18,4,10,4,5,0,0,30,2,0.868,0.642,0,5,3,0,8,4,357,1,0.414,0,0,0
156,19,3,10,7,8,1,6,28,3,0.835,0.579,0,5,1,0,7,6,346,3,0.312,0,14,0,5,2,8,0,4,28,0,0.833,0.421,0,2,0,0,4,3,252,1,0.526,1,1,1
157,30,3,7,6,2,0,0,34,0,0.888,0.78,0,11,0,1,4,7,429,2,1.234,0,5,1,5,2,8,0,8,20,0,0.678,0.22,0,1,0,0,4,3,121,0,0.096,1,1,0
158,8,4,12,7,3,1,6,15,0,0.891,0.685,0,9,1,1,4,9,393,4,1.341,2,12,0,4,2,4,2,5,23,0,0.773,0.315,0,6,0,1,12,9,181,4,1.764,0,0,2
159,19,1,30,20,8,1,4,30,0,0.857,0.708,0,6,1,0,4,16,405,2,0.53,1,13,0,5,4,14,0,12,36,0,0.647,0.292,0,1,1,0,13,4,167,0,0.014,3,1,1
160,18,3,18,8,3,0,2,24,0,0.895,0.647,0,8,2,1,6,13,430,3,1.06,0,8,0,11,7,10,0,7,22,0,0.813,0.353,0,4,1,0,11,1,235,1,0.173,1,1,0
161,20,4,11,6,7,0,6,30,1,0.848,0.568,0,8,3,0,8,13,289,1,0.641,1,16,2,8,4,7,2,10,28,1,0.832,0.432,0,8,0,0,12,6,220,4,1.076,1,2,2
162,19,3,18,16,7,0,1,30,0,0.893,0.681,0,13,2,1,15,10,382,7,1.41,1,11,1,8,3,8,0,2,28,0,0.754,0.319,0,0,0,0,12,8,179,0,0.0,0,1,0
163,18,6,23,15,6,1,6,20,1,0.926,0.741,0,9,2,0,7,6,471,5,0.637,1,12,0,13,10,11,0,4,18,0,0.794,0.259,0,6,3,1,11,6,165,2,0.418,2,1,1
164,13,1,6,2,7,0,2,29,0,0.808,0.435,0,8,3,0,9,3,224,2,0.87,1,9,2,9,5,6,1,0,23,2,0.842,0.565,0,4,1,0,9,12,291,2,0.755,3,2,2
165,9,0,10,5,8,0,6,25,1,0.62,0.19,0,1,0,0,11,7,108,0,0.008,0,20,2,13,8,5,0,1,32,1,0.896,0.81,0,9,4,0,9,12,460,3,0.737,0,2,0
166,9,4,6,4,4,3,3,12,1,0.895,0.666,0,14,3,1,7,7,361,7,1.464,0,12,3,2,2,8,2,3,29,0,0.751,0.334,0,5,1,0,8,4,181,4,1.285,1,1,1
167,21,2,4,0,9,2,4,47,0,0.742,0.418,0,10,0,0,3,13,225,6,0.581,1,15,1,5,5,2,2,4,26,5,0.872,0.582,0,5,1,0,10,5,313,2,0.73,1,0,0
168,13,1,8,4,5,1,2,24,5,0.854,0.604,0,2,0,0,8,8,350,1,0.448,0,21,2,6,3,9,0,8,40,1,0.764,0.396,0,6,2,0,8,9,229,0,0.19,0,1,1
169,15,7,9,4,4,1,1,21,4,0.879,0.683,0,6,0,0,9,6,330,3,1.02,0,19,1,4,1,11,1,3,31,1,0.778,0.317,0,2,0,0,11,6,153,1,0.133,0,1,0
170,11,6,13,6,7,0,7,22,0,0.781,0.405,0,7,4,1,10,7,196,2,0.516,1,11,2,14,10,6,2,5,21,2,0.861,0.595,0,7,1,0,11,8,288,3,0.669,2,2,2
171,30,2,7,5,3,1,7,34,0,0.915,0.851,0,6,1,0,2,9,527,4,0.896,0,6,1,5,3,7,0,5,19,1,0.511,0.149,0,4,0,0,10,7,92,0,0.405,1,1,1
172,26,2,21,18,4,0,5,35,0,0.831,0.669,0,8,0,0,8,11,350,4,1.1,0,12,3,8,5,12,1,9,36,2,0.642,0.331,0,5,1,0,10,6,173,2,0.627,0,0,2
173,15,3,13,7,5,1,3,23,1,0.922,0.702,1,6,1,0,7,5,434,5,0.442,2,13,2,7,3,6,1,8,25,1,0.783,0.298,0,5,1,0,11,6,184,3,0.511,2,0,0
174,18,3,10,7,9,1,3,23,0,0.844,0.412,0,8,2,1,7,7,225,4,1.38,2,16,2,6,5,7,2,2,27,2,0.891,0.588,0,8,1,1,7,12,321,6,1.703,2,0,2
175,7,0,7,4,6,1,15,24,1,0.791,0.328,0,2,0,0,14,12,191,1,0.082,1,25,4,14,5,4,0,4,29,0,0.89,0.672,0,3,0,0,11,9,392,1,0.281,0,2,1
176,15,2,5,4,6,1,8,29,0,0.748,0.242,0,6,1,0,3,5,159,3,1.299,1,19,1,11,10,4,1,6,24,1,0.902,0.758,0,4,1,0,3,8,498,2,0.183,0,0,0
177,12,3,8,5,11,0,3,24,0,0.813,0.47,0,10,4,0,9,5,235,1,0.63,0,13,4,7,6,8,1,4,24,1,0.857,0.53,0,6,0,0,5,7,265,3,1.415,1,2,2
178,10,2,6,5,6,0,7,30,1,0.662,0.269,0,2,0,0,7,2,133,2,0.037,0,15,6,9,7,4,0,0,29,0,0.848,0.731,0,7,1,0,3,9,362,2,0.602,0,2,0
179,18,4,16,8,7,0,4,25,0,0.852,0.701,0,6,3,0,13,13,364,0,0.425,0,12,2,10,5,7,0,8,23,1,0.697,0.299,0,1,0,0,15,9,155,1,0.04,0,1,0
180,9,2,12,9,9,2,11,15,1,0.885,0.618,0,9,3,1,7,6,357,1,1.343,0,14,0,10,7,7,0,6,27,0,0.805,0.382,0,1,1,0,8,6,221,0,0.149,0,1,1
181,14,2,13,9,3,3,4,19,1,0.901,0.595,0,9,2,0,6,7,364,4,2.116,0,8,2,7,4,6,0,5,19,0,0.847,0.405,0,5,2,0,8,7,248,3,0.183,1,1,1
182,21,5,14,10,3,2,9,33,1,0.831,0.565,0,4,0,0,5,7,296,4,1.025,0,22,3,4,2,8,0,8,47,1,0.75,0.435,0,7,2,0,10,9,228,3,0.452,0,1,1
183,22,4,7,5,10,0,7,33,2,0.833,0.527,0,8,2,1,5,9,287,2,0.39,0,18,3,14,9,2,0,9,28,1,0.837,0.473,0,4,2,0,6,3,258,2,0.256,1,2,0
184,12,1,12,6,3,2,4,17,2,0.895,0.743,0,11,2,0,4,7,361,6,1.023,0,12,3,6,4,10,0,3,25,2,0.664,0.257,0,4,2,0,8,4,125,0,0.27,2,1,1
185,18,2,15,10,3,2,6,30,0,0.874,0.618,0,12,1,3,7,7,325,7,1.532,0,8,1,4,3,6,0,5,25,1,0.716,0.382,0,0,0,0,8,5,201,0,0.0,1,1,1
186,20,1,3,3,12,0,9,37,0,0.788,0.415,0,4,0,0,8,7,226,1,0.335,0,21,0,8,8,6,0,2,31,3,0.834,0.585,0,5,0,0,6,14,319,2,0.499,1,2,0
187,19,4,9,7,4,0,6,27,1,0.835,0.454,0,8,3,0,5,6,254,2,0.392,2,19,1,8,4,6,0,7,34,0,0.853,0.546,0,5,1,1,8,10,306,1,0.166,0,1,0
188,33,4,8,4,7,0,7,53,2,0.758,0.496,0,8,1,1,4,6,265,2,0.308,0,13,0,12,7,3,1,5,33,4,0.784,0.504,0,4,1,1,6,7,269,2,1.016,0,2,2
189,10,2,5,3,3,1,8,16,0,0.881,0.666,0,4,0,0,7,11,361,2,0.6,1,7,3,5,5,6,0,3,14,0,0.796,0.334,0,10,4,0,6,3,181,4,1.172,1,1,1
190,16,1,8,4,5,1,1,26,3,0.887,0.585,1,4,1,0,3,4,345,1,0.512,1,26,0,6,5,8,1,4,33,1,0.89,0.415,0,9,1,0,4,2,245,3,1.617,2,0,0
191,18,2,10,5,7,0,15,31,3,0.724,0.355,0,6,3,0,11,6,174,2,0.634,1,12,3,15,13,6,1,4,30,2,0.81,0.645,0,11,5,2,7,9,316,3,1.169,0,2,2
192,31,5,16,9,7,2,2,41,0,0.867,0.736,0,10,2,0,5,8,384,5,1.477,1,9,2,6,3,8,0,6,28,1,0.587,0.264,0,3,1,1,11,9,138,0,0.129,1,1,1
193,25,2,16,10,6,2,4,33,1,0.883,0.701,0,8,2,0,12,5,366,4,1.368,0,7,2,9,4,4,0,10,21,2,0.737,0.299,0,6,3,0,10,5,156,0,0.206,0,1,1
194,11,0,7,5,7,0,11,30,2,0.619,0.283,0,4,2,0,10,13,134,1,0.234,0,22,2,16,6,5,0,8,32,0,0.867,0.717,0,8,2,1,8,13,339,1,0.469,1,0,0
195,20,3,12,11,7,1,8,30,2,0.849,0.642,0,9,4,1,9,9,397,3,0.724,1,13,0,4,1,2,1,7,25,1,0.774,0.358,0,6,2,0,3,2,221,2,1.158,0,0,0
196,12,4,8,6,10,1,9,23,3,0.788,0.424,0,8,3,0,6,9,212,1,1.206,1,16,5,8,7,6,0,4,20,0,0.833,0.576,0,10,2,0,3,7,288,4,1.175,0,0,1
197,6,2,5,5,5,0,5,12,3,0.684,0.229,0,4,2,0,10,5,136,0,0.162,2,21,5,11,4,5,0,4,35,2,0.861,0.771,0,7,1,0,2,10,459,6,0.363,0,0,0
198,18,2,15,10,4,0,5,26,2,0.874,0.76,0,2,2,0,3,5,436,0,0.121,0,10,1,9,6,11,0,9,31,3,0.594,0.24,0,2,1,0,11,2,138,0,0.071,1,0,0
199,11,1,3,1,11,0,3,21,2,0.789,0.302,0,6,1,0,7,6,175,3,0.499,0,18,3,15,9,7,0,4,27,2,0.869,0.698,0,5,1,1,8,4,405,1,0.302,1,2,0
200,19,1,16,10,7,1,3,27,1,0.854,0.581,0,12,3,0,5,6,336,3,1.272,0,7,1,10,6,7,0,6,18,2,0.814,0.419,0,2,0,0,11,5,242,1,0.068,0,1,1
201,31,1,10,8,3,1,6,40,0,0.878,0.662,0,4,2,0,5,6,386,1,0.747,0,12,2,4,2,8,0,5,26,3,0.756,0.338,0,5,2,0,4,6,197,0,0.319,3,1,1
202,16,1,0,0,12,0,4,30,1,0.718,0.331,0,3,1,0,4,4,156,1,0.166,2,22,3,4,3,3,1,4,37,6,0.841,0.669,0,7,1,0,2,10,315,4,0.556,0,2,2
203,19,2,8,7,9,0,3,32,2,0.755,0.45,0,9,2,0,6,9,188,0,0.491,3,22,3,6,4,7,1,2,36,0,0.817,0.55,0,7,1,0,6,5,230,4,0.956,1,0,2
204,24,3,18,8,7,1,7,33,1,0.845,0.66,0,8,3,0,2,6,361,4,0.578,1,15,0,4,3,13,0,5,25,2,0.769,0.34,0,1,0,0,13,4,186,0,0.009,1,1,1
205,15,2,4,3,10,1,6,26,2,0.803,0.347,0,6,0,0,7,0,203,2,1.08,1,21,4,8,8,5,2,4,27,1,0.877,0.653,0,9,1,0,3,3,382,4,0.621,0,2,2
206,13,2,17,12,6,4,3,18,0,0.864,0.626,0,10,2,0,6,6,273,6,1.763,0,13,1,4,1,5,1,0,26,0,0.755,0.374,0,6,0,0,8,5,163,3,0.318,0,1,1
207,10,1,9,7,5,1,9,22,1,0.751,0.298,0,3,0,0,10,5,177,3,0.36,1,27,1,15,7,10,0,8,32,1,0.887,0.702,0,5,3,0,7,9,417,1,0.197,1,0,1
208,14,4,20,14,3,0,6,22,1,0.873,0.786,0,6,1,0,4,8,394,3,0.299,0,6,0,9,7,14,1,6,18,1,0.607,0.214,0,4,0,0,10,4,107,4,0.489,2,1,2
209,18,0,8,4,12,1,5,36,2,0.682,0.276,0,8,2,0,12,7,154,3,0.995,1,8,1,8,4,6,0,2,17,1,0.903,0.724,0,3,0,0,7,4,404,2,0.238,1,2,1
210,23,2,12,8,3,0,3,27,2,0.879,0.649,0,6,2,0,5,7,338,1,0.508,0,13,3,2,1,8,0,5,23,2,0.825,0.351,0,5,0,0,8,2,183,2,0.422,1,1,0
211,15,3,3,3,8,0,5,24,0,0.677,0.331,0,7,2,0,10,8,167,2,0.335,0,12,2,9,4,7,1,5,31,1,0.855,0.669,0,3,1,0,10,6,337,1,0.871,1,2,2
212,11,1,4,2,10,0,6,30,1,0.608,0.208,0,4,3,0,12,2,102,1,0.308,2,20,7,15,11,5,0,0,31,0,0.884,0.792,0,11,4,0,4,7,389,7,1.32,3,2,0
213,17,5,11,5,5,2,3,26,2,0.88,0.649,0,13,3,2,8,1,358,7,2.576,0,12,1,16,9,6,0,4,18,1,0.763,0.351,0,3,0,0,8,5,194,2,0.062,1,1,1
214,25,3,8,4,7,2,3,37,2,0.843,0.461,0,7,1,0,9,12,248,5,0.468,0,16,1,8,3,8,1,2,23,3,0.872,0.539,0,3,1,0,6,10,290,1,0.783,0,2,1
215,9,4,2,1,4,1,1,25,2,0.769,0.419,0,8,1,0,12,4,212,4,1.855,0,17,3,9,6,3,1,6,32,0,0.837,0.581,0,9,3,1,4,10,294,2,0.609,0,0,0
216,12,1,11,10,10,1,4,32,0,0.808,0.525,0,9,3,0,13,12,266,2,0.965,1,13,2,13,10,9,1,5,23,0,0.838,0.475,0,4,1,0,9,6,241,2,0.502,2,2,0
217,15,1,4,2,22,0,3,31,0,0.616,0.211,0,2,2,0,6,2,112,0,0.059,1,18,3,10,9,3,0,0,28,1,0.895,0.789,0,11,1,1,10,12,419,2,1.875,0,2,0
218,25,1,8,2,6,1,6,34,4,0.842,0.418,0,9,0,1,9,12,234,6,1.08,1,25,1,11,8,4,1,1,34,1,0.88,0.582,0,7,1,0,9,5,326,1,0.902,1,2,0
219,13,1,19,8,10,0,7,32,1,0.712,0.449,0,9,3,0,18,10,219,2,0.761,2,24,2,23,18,5,3,5,40,1,0.814,0.551,0,5,1,0,14,7,269,3,2.355,1,2,2
220,24,4,19,8,8,0,7,30,3,0.891,0.715,0,6,1,0,7,9,386,1,0.607,0,17,0,13,11,7,1,8,31,2,0.74,0.285,0,3,0,0,12,9,154,2,0.42,0,2,2
221,13,2,9,5,11,0,7,31,1,0.717,0.313,0,4,1,0,7,8,166,3,0.381,1,30,0,16,11,7,1,2,46,3,0.857,0.687,0,6,1,0,7,11,364,2,1.015,1,2,2
222,30,4,16,11,6,1,8,36,0,0.898,0.727,0,9,3,0,7,21,442,5,0.45,0,9,0,9,6,5,0,5,22,1,0.765,0.273,0,3,0,0,16,6,166,1,0.069,0,0,1
223,18,4,9,8,9,3,9,27,2,0.842,0.687,0,11,6,1,7,8,349,3,1.353,0,11,1,8,6,7,1,4,29,0,0.686,0.313,0,2,0,0,1,8,159,1,0.099,1,1,1
224,13,5,15,11,11,0,15,23,1,0.771,0.289,0,10,3,0,16,7,140,3,0.648,0,23,1,20,12,6,0,0,31,1,0.866,0.711,0,4,1,0,7,9,344,2,0.534,1,0,0
225,15,1,4,4,5,0,6,33,1,0.798,0.395,0,3,0,0,6,2,223,2,0.117,0,8,2,7,3,10,2,5,13,4,0.883,0.605,0,4,1,0,3,7,341,2,1.282,1,2,2
226,6,1,11,6,9,0,2,22,2,0.763,0.309,0,3,0,0,8,9,173,2,0.165,0,21,2,18,12,6,0,3,27,2,0.886,0.691,0,10,3,0,7,8,386,5,0.553,0,0,0
227,24,3,7,4,2,2,2,33,1,0.888,0.761,0,7,2,0,13,11,455,3,1.134,0,13,0,9,3,6,0,7,26,2,0.692,0.239,0,1,0,0,8,6,143,0,0.041,0,1,1
228,20,5,17,8,1,2,3,27,0,0.863,0.731,0,9,3,0,6,17,328,3,1.711,0,9,3,8,5,11,2,5,25,1,0.694,0.269,1,4,0,0,15,10,121,4,1.0,3,1,0
229,8,1,12,9,9,0,4,26,2,0.679,0.302,0,2,1,0,14,9,156,1,0.141,1,25,0,13,8,7,1,0,37,2,0.875,0.698,0,6,0,0,3,16,360,4,1.004,1,2,2
230,14,1,7,2,8,1,7,31,3,0.681,0.299,0,4,1,0,6,9,160,3,0.545,2,16,2,10,9,5,0,2,25,2,0.872,0.701,0,6,3,0,9,12,376,1,0.403,0,1,1
231,4,0,12,6,10,0,1,22,1,0.647,0.219,0,2,0,0,11,7,119,1,0.526,0,34,6,20,13,4,2,3,41,1,0.878,0.781,0,12,5,0,8,9,425,5,1.932,1,2,2
232,23,4,14,9,8,1,3,29,4,0.864,0.587,0,13,1,0,11,13,294,5,1.619,3,18,0,11,7,8,0,7,32,0,0.816,0.413,0,2,0,0,9,7,207,0,0.109,2,1,1
233,32,0,14,8,6,2,2,47,0,0.851,0.563,0,5,1,0,8,14,276,2,0.412,1,20,1,10,4,13,0,0,35,0,0.794,0.437,0,7,0,1,18,5,214,2,0.694,2,1,1
234,15,2,5,3,9,0,5,34,2,0.663,0.337,0,5,0,0,10,9,166,4,0.145,2,22,3,18,11,4,1,2,34,1,0.828,0.663,0,9,1,1,8,10,326,3,1.426,1,2,2
235,25,2,19,9,4,1,4,36,2,0.878,0.675,0,5,2,0,8,12,343,1,1.042,0,15,2,9,6,10,0,7,31,0,0.758,0.325,0,2,0,0,20,5,165,0,0.04,2,1,1
236,29,3,11,7,6,3,4,35,0,0.891,0.624,0,9,2,1,7,10,358,4,0.918,1,4,1,6,4,6,0,5,27,2,0.782,0.376,0,2,0,0,10,7,216,1,0.458,1,1,1
237,18,6,18,11,1,0,5,27,5,0.849,0.728,0,5,0,0,9,17,345,2,1.144,1,11,3,5,0,11,1,11,26,1,0.612,0.272,0,6,1,0,13,11,129,2,0.988,2,1,2
238,21,3,10,6,13,0,8,33,1,0.842,0.555,0,5,3,0,11,10,297,1,0.293,1,12,3,10,6,7,0,9,27,1,0.794,0.445,0,7,2,0,8,11,238,4,0.448,1,0,0
239,6,1,4,3,9,1,4,30,3,0.672,0.347,0,3,0,0,8,4,180,1,0.362,2,31,3,6,3,11,0,7,41,2,0.834,0.653,0,5,1,0,6,16,338,2,0.754,0,1,1
240,18,2,7,5,9,3,6,32,0,0.851,0.535,0,8,2,0,3,9,288,5,1.579,1,21,1,6,6,7,2,9,36,2,0.82,0.465,0,11,3,0,8,3,250,6,0.69,1,1,1
241,6,2,2,0,12,0,6,29,1,0.665,0.353,0,1,0,0,13,7,203,0,0.203,1,28,2,10,8,11,0,0,39,1,0.833,0.647,0,4,2,0,6,8,372,0,0.173,0,2,0
242,26,3,8,6,4,2,1,29,1,0.885,0.686,0,10,3,0,6,10,400,3,1.395,1,5,1,2,0,9,1,9,19,1,0.76,0.314,0,3,0,0,22,7,183,2,0.553,1,1,1
243,9,5,3,1,11,0,3,32,1,0.695,0.42,0,8,3,0,9,7,177,2,0.614,0,14,2,16,11,7,0,2,29,0,0.799,0.58,0,7,0,0,3,9,244,4,0.589,0,2,0
244,7,6,21,15,8,2,1,22,0,0.802,0.562,0,12,4,2,9,6,293,4,1.366,1,9,0,3,1,14,0,3,35,1,0.697,0.438,0,1,0,0,10,10,228,0,0.204,2,1,1
245,19,8,16,8,10,0,10,34,1,0.794,0.519,0,9,0,0,8,11,247,3,0.833,0,22,2,15,9,8,0,5,40,2,0.742,0.481,0,2,1,0,16,15,229,0,0.069,0,0,0
246,11,3,4,0,8,3,1,15,2,0.888,0.694,0,11,3,0,6,12,349,5,1.188,0,15,2,9,5,6,1,8,28,1,0.747,0.306,0,4,1,1,7,4,154,2,1.274,2,1,1
247,25,2,13,7,4,3,3,31,1,0.878,0.672,0,13,1,2,14,9,369,4,2.065,0,10,1,10,6,9,0,8,24,1,0.789,0.328,0,4,1,0,11,8,180,0,0.19,0,1,1
248,18,3,16,11,3,1,4,26,0,0.884,0.707,0,8,4,0,11,10,422,3,1.299,0,12,2,16,8,12,0,9,29,1,0.749,0.293,0,4,0,0,11,10,175,3,0.458,0,1,1
249,29,6,6,5,5,0,5,37,3,0.881,0.713,0,6,3,0,2,15,386,2,0.317,0,11,0,5,5,8,0,5,26,4,0.684,0.287,0,0,0,0,6,6,155,0,0.0,1,1,0
250,11,4,18,11,5,4,6,18,1,0.891,0.752,0,8,1,0,6,10,366,4,2.126,0,10,0,12,5,11,0,10,23,2,0.686,0.248,0,0,0,0,12,7,121,0,0.0,2,1,1
251,6,2,8,6,5,0,3,30,1,0.646,0.278,1,2,1,0,10,8,130,1,0.062,2,31,2,9,7,6,0,3,38,1,0.858,0.722,0,4,1,0,7,13,338,1,0.205,2,2,0
252,16,0,9,6,14,0,1,23,2,0.915,0.667,0,6,1,0,3,3,351,1,0.343,2,13,1,6,4,10,0,6,26,2,0.777,0.333,0,5,1,0,7,6,175,1,0.374,1,2,0
253,11,1,8,7,11,0,2,32,0,0.714,0.318,0,8,2,0,8,15,185,2,1.348,1,35,2,11,7,6,2,11,42,1,0.912,0.682,0,6,1,0,6,9,396,3,1.352,0,2,2
254,21,1,17,9,4,2,0,25,1,0.902,0.691,0,6,2,0,8,6,346,3,0.492,0,6,3,9,7,14,1,10,16,1,0.761,0.309,1,5,0,0,14,8,155,2,0.21,3,1,1
255,9,2,8,2,12,0,5,23,1,0.74,0.457,1,3,0,0,12,14,192,2,0.339,0,23,5,9,5,5,2,4,43,3,0.776,0.543,0,9,3,0,8,11,228,3,1.251,0,2,2
256,29,3,12,9,7,1,5,41,0,0.849,0.703,0,7,2,0,5,16,383,2,1.075,0,16,1,7,5,7,0,7,34,0,0.617,0.297,0,4,2,0,11,8,162,1,0.544,1,1,1
257,15,4,4,3,9,1,8,26,0,0.709,0.323,0,10,4,0,12,10,151,3,0.676,1,22,1,7,5,5,1,0,35,1,0.858,0.677,0,4,1,0,8,15,316,3,1.611,1,2,0
258,25,5,18,8,6,1,2,33,0,0.877,0.675,0,8,2,0,6,6,310,3,1.106,1,8,0,7,3,19,0,4,22,0,0.698,0.325,0,3,1,0,11,8,149,1,0.331,3,1,1
259,25,1,14,7,5,1,7,32,1,0.875,0.712,0,5,2,0,11,7,384,1,0.551,0,6,1,14,10,15,0,2,26,2,0.703,0.288,0,3,0,0,11,13,155,2,0.175,1,1,1
260,27,7,23,11,2,0,8,37,0,0.84,0.695,0,9,1,1,6,8,306,5,0.792,0,10,2,5,2,15,0,11,29,1,0.575,0.305,0,2,0,0,16,11,134,1,0.403,1,1,0
261,8,2,10,5,9,0,5,22,2,0.624,0.252,0,3,1,0,7,7,133,1,0.12,1,31,2,7,5,7,0,1,54,0,0.86,0.748,0,7,3,0,7,14,394,2,1.183,1,2,0
262,14,0,8,7,12,0,5,28,0,0.681,0.339,0,4,2,0,16,8,182,0,0.118,0,18,2,17,9,9,0,7,25,0,0.876,0.661,0,9,4,0,1,6,355,1,1.043,1,0,0
263,36,3,10,6,3,1,4,42,2,0.873,0.697,0,11,1,0,4,15,355,4,0.724,0,12,1,6,4,6,0,6,38,3,0.682,0.303,0,1,0,0,10,4,154,1,0.144,1,0,1
264,22,4,19,10,6,2,3,38,3,0.807,0.596,0,4,0,1,8,12,305,3,0.976,0,9,3,5,4,5,0,7,23,1,0.763,0.404,0,2,1,0,9,5,207,0,0.046,2,1,1
265,8,0,5,2,7,1,10,30,0,0.586,0.193,0,2,0,0,12,3,99,1,0.507,0,24,1,7,4,8,2,2,32,0,0.894,0.807,0,8,0,1,6,15,414,5,0.95,0,2,2
266,8,1,6,6,9,0,5,27,0,0.617,0.277,0,2,1,0,11,9,120,0,0.052,0,21,4,15,7,5,2,2,34,1,0.869,0.723,0,8,0,0,12,7,313,6,1.385,1,2,2
267,11,2,7,4,7,1,0,24,4,0.682,0.27,0,4,2,0,11,15,148,1,0.306,1,24,3,16,9,6,0,6,32,2,0.878,0.73,0,6,2,0,12,10,401,2,0.688,1,1,1
268,6,0,2,1,6,0,4,18,1,0.836,0.377,0,4,1,1,11,6,214,2,0.251,3,26,0,9,1,6,2,3,35,1,0.887,0.623,0,7,2,0,9,8,354,3,1.139,2,0,2
269,11,4,8,5,16,0,4,24,0,0.565,0.266,0,1,0,0,8,9,115,1,0.05,2,25,6,10,7,4,0,1,36,3,0.868,0.734,0,3,0,1,8,10,317,0,0.188,0,0,0
270,26,4,7,4,2,2,4,37,2,0.864,0.75,0,13,2,0,6,6,390,3,2.1,0,15,2,9,6,2,0,2,37,1,0.631,0.25,1,4,2,0,7,5,130,1,0.35,0,1,1
271,25,6,11,7,7,2,7,30,1,0.848,0.682,0,10,0,0,8,12,330,4,2.71,0,21,0,7,4,11,0,10,33,1,0.721,0.318,0,3,1,0,10,10,154,0,0.084,1,1,1
272,17,5,9,5,10,0,3,30,1,0.732,0.271,0,3,0,0,7,11,164,0,0.281,1,32,1,11,8,4,2,4,45,3,0.867,0.729,0,4,1,0,11,7,442,2,1.276,0,2,2
273,9,0,16,14,7,2,4,15,2,0.818,0.688,0,6,1,1,13,9,297,2,1.882,0,9,2,14,5,14,0,4,29,0,0.622,0.312,0,3,0,0,5,11,135,1,0.058,1,1,1
274,9,1,7,2,9,0,5,21,1,0.733,0.298,0,5,2,0,18,10,161,0,0.328,2,35,5,16,7,3,0,2,48,0,0.855,0.702,0,7,3,1,12,16,379,1,1.022,1,2,0
275,18,2,10,7,7,0,7,35,2,0.701,0.312,0,9,1,1,6,10,147,0,0.64,1,28,2,4,2,5,1,4,37,1,0.846,0.688,0,5,0,0,13,8,324,1,0.337,1,2,2
276,17,4,20,12,5,1,2,24,0,0.837,0.7,0,7,2,1,11,6,381,3,0.309,0,8,3,6,3,6,1,4,19,0,0.638,0.3,0,6,2,0,17,10,163,2,0.883,1,1,0
277,16,1,5,2,7,0,3,32,0,0.79,0.379,0,1,0,0,10,12,243,1,0.042,1,23,1,18,10,7,2,3,33,0,0.897,0.621,0,9,3,0,8,8,398,3,1.595,1,2,2
278,10,3,18,10,6,2,4,32,2,0.794,0.48,0,10,3,0,14,12,247,2,0.928,0,11,6,29,17,1,0,4,22,0,0.806,0.52,0,5,3,0,12,8,268,2,0.562,1,1,1
279,14,2,9,4,6,1,6,29,1,0.843,0.437,0,10,3,0,10,5,223,2,0.593,0,15,1,6,4,8,2,2,25,1,0.857,0.563,0,7,1,0,14,10,287,5,1.909,1,2,2
280,36,3,17,11,5,0,2,41,2,0.873,0.69,0,13,4,0,8,6,371,3,1.101,0,13,0,5,3,11,0,7,22,3,0.749,0.31,0,2,0,0,9,11,167,0,0.141,1,1,0
281,20,0,22,17,5,1,7,30,1,0.787,0.599,0,8,0,0,11,11,263,3,0.703,0,9,1,9,7,13,1,8,32,0,0.699,0.401,0,7,0,0,14,8,176,3,1.014,3,1,0
282,25,5,17,11,7,0,1,33,2,0.87,0.693,0,13,5,0,12,19,347,4,1.618,1,14,1,10,3,6,2,7,31,1,0.721,0.307,0,3,0,0,11,7,154,1,0.31,1,2,2
283,19,3,14,8,2,1,7,26,0,0.895,0.712,0,5,2,0,9,13,401,3,0.693,0,10,1,11,8,15,0,7,24,0,0.735,0.288,0,0,0,0,15,8,162,0,0.0,1,1,1
284,15,1,11,9,11,0,0,35,0,0.655,0.284,0,2,0,0,9,11,145,1,0.109,0,23,2,24,15,5,0,3,34,1,0.885,0.716,0,5,2,0,7,5,365,0,0.437,0,0,0
285,23,2,17,11,2,5,2,28,0,0.926,0.781,0,13,1,0,13,6,434,7,1.704,0,4,2,10,4,7,0,3,22,1,0.672,0.219,0,4,0,0,4,4,122,3,0.344,0,1,1
286,25,8,13,8,5,3,6,35,3,0.837,0.754,0,8,1,0,11,16,399,4,1.78,0,8,1,8,3,3,0,4,17,3,0.738,0.246,0,6,1,1,9,10,130,1,0.645,1,1,1
287,19,0,12,5,6,1,2,35,2,0.781,0.562,0,5,2,0,11,21,283,2,0.975,1,17,1,12,7,7,0,9,32,2,0.769,0.438,0,5,0,0,11,9,221,2,0.201,1,1,1
288,8,4,8,3,4,1,5,15,1,0.851,0.548,0,7,1,0,13,5,276,2,1.074,1,23,6,17,9,8,1,7,32,1,0.82,0.452,0,9,2,1,14,5,228,2,0.891,3,1,0
289,28,2,20,14,2,1,5,38,2,0.9,0.785,0,11,2,0,8,6,489,5,1.017,0,11,3,6,3,7,0,7,25,2,0.687,0.215,0,2,1,0,7,7,134,0,0.116,0,0,1
290,8,2,12,2,12,0,9,25,2,0.637,0.26,0,2,1,0,12,13,146,1,0.04,0,11,1,15,8,4,0,4,23,2,0.887,0.74,0,9,4,0,12,11,415,1,1.236,0,0,0
291,34,2,23,13,8,0,3,52,2,0.843,0.651,0,7,1,0,12,12,388,3,1.167,0,23,1,10,5,12,0,2,41,1,0.731,0.349,0,2,0,0,15,14,208,1,0.084,1,1,0
292,21,3,18,13,6,0,3,35,2,0.789,0.636,0,8,1,1,9,16,294,5,1.107,0,12,3,7,5,20,0,9,25,1,0.702,0.364,0,4,2,0,11,9,168,1,0.272,1,2,0
293,17,5,20,10,5,0,3,24,0,0.89,0.806,0,10,2,0,6,11,427,3,1.038,1,10,1,5,3,10,0,7,28,1,0.563,0.194,0,2,0,0,14,11,103,1,0.652,1,1,0
294,8,1,11,9,9,0,14,24,1,0.646,0.262,0,2,0,0,14,10,144,0,0.271,0,26,6,18,8,3,2,4,33,0,0.884,0.738,0,13,5,1,9,9,405,4,1.608,0,2,2
295,29,6,11,6,5,1,0,37,0,0.868,0.669,0,7,1,0,10,11,317,3,0.475,1,15,2,4,2,4,0,3,34,1,0.707,0.331,0,4,1,0,9,8,157,2,0.212,0,1,1
296,12,2,6,2,8,0,13,23,1,0.689,0.257,0,2,0,0,14,5,132,0,0.309,0,41,6,7,6,8,0,1,50,2,0.882,0.743,0,10,0,0,9,9,382,3,0.452,1,2,0
297,26,2,13,6,6,1,4,32,0,0.86,0.403,0,10,3,2,8,9,215,3,1.348,0,15,5,6,5,8,1,3,27,1,0.884,0.597,0,6,2,0,10,9,319,3,0.863,4,1,0
298,13,3,8,6,11,0,5,30,0,0.705,0.397,0,3,1,0,6,17,183,2,0.187,2,19,1,5,2,4,2,5,44,4,0.788,0.603,0,4,0,0,9,11,278,3,0.599,1,2,2
299,37,7,21,12,3,0,3,47,0,0.856,0.714,0,6,2,0,11,16,355,2,0.465,1,16,2,11,5,7,1,6,32,0,0.662,0.286,0,6,1,0,12,7,142,3,1.309,0,2,2
300,21,4,9,5,4,0,4,39,2,0.823,0.681,0,7,1,0,10,7,322,3,1.163,0,10,2,1,0,13,0,5,26,3,0.609,0.319,0,2,1,0,12,12,151,0,0.129,3,1,0
301,19,1,13,10,7,2,1,28,0,0.843,0.7,0,11,1,0,11,13,343,5,2.364,0,6,0,3,2,6,0,8,23,1,0.639,0.3,0,1,0,0,9,12,147,0,0.058,2,1,1
302,12,3,3,2,13,1,5,28,0,0.538,0.236,0,2,0,0,15,11,117,1,0.068,2,23,5,9,5,5,0,1,33,0,0.842,0.764,0,9,4,0,8,19,379,1,0.396,1,1,1
303,21,5,11,9,3,1,4,25,4,0.871,0.698,0,11,3,0,5,11,356,3,1.757,0,14,0,6,3,13,1,4,30,1,0.675,0.302,0,3,0,0,11,6,154,2,0.241,2,1,0
304,10,1,9,7,12,0,0,24,2,0.684,0.305,0,4,1,0,10,6,155,3,0.121,5,12,0,10,9,7,1,5,23,1,0.887,0.695,0,3,0,0,5,9,353,1,0.123,0,2,2
305,11,3,23,8,6,0,7,28,2,0.701,0.387,0,7,1,0,5,12,164,2,0.255,1,29,2,11,8,5,1,3,37,4,0.8,0.613,0,7,0,0,22,8,260,4,1.345,1,2,2
306,8,4,6,3,12,0,10,26,1,0.544,0.212,0,2,0,0,13,7,114,1,0.213,1,24,2,11,11,5,0,0,30,0,0.892,0.788,0,8,2,1,7,14,424,3,0.399,1,2,0
307,21,3,24,14,2,1,2,30,3,0.906,0.783,0,7,1,1,10,12,468,3,0.939,0,10,0,6,0,8,1,6,26,0,0.654,0.217,0,3,1,0,18,8,130,2,0.339,1,1,0
308,14,0,10,9,4,0,19,28,0,0.718,0.268,0,2,0,0,6,2,163,0,0.358,0,26,2,13,6,4,2,8,34,1,0.879,0.732,0,6,0,0,8,12,445,4,1.597,0,2,2
309,12,1,11,6,10,1,2,21,1,0.885,0.647,0,5,0,0,14,6,312,1,0.615,1,11,1,7,4,13,0,3,23,2,0.771,0.353,0,10,4,1,9,10,170,1,1.57,2,1,1
310,14,1,14,6,7,0,0,24,1,0.778,0.282,0,6,0,0,11,10,158,2,0.345,1,23,2,11,5,5,0,4,40,1,0.866,0.718,0,1,0,0,12,16,402,1,0.492,2,2,0
311,27,6,11,6,5,1,2,41,0,0.874,0.736,0,9,1,0,10,11,445,4,1.09,0,12,0,6,3,2,0,6,30,1,0.7,0.264,0,5,0,0,10,10,160,1,0.128,0,1,1
312,10,0,10,3,10,0,5,26,0,0.752,0.223,0,1,0,0,8,6,141,0,0.067,1,36,2,8,5,7,2,0,55,2,0.9,0.777,0,6,0,0,12,12,491,4,1.062,0,2,2
313,18,3,17,9,5,1,4,23,2,0.918,0.801,1,7,1,2,13,13,452,1,0.443,0,9,0,11,6,6,0,7,18,0,0.696,0.199,0,3,0,0,16,12,112,0,0.129,0,1,1
314,12,4,4,4,10,1,2,30,0,0.62,0.288,0,5,1,0,6,17,121,2,0.582,2,20,1,13,9,5,0,4,29,0,0.866,0.712,0,10,1,1,6,6,299,4,1.162,0,2,1
315,31,1,10,5,4,2,3,41,1,0.9,0.749,0,11,0,0,9,5,379,6,1.825,0,17,4,13,4,13,0,4,32,1,0.63,0.251,0,4,1,0,6,7,127,0,0.273,0,1,1
316,11,4,6,3,9,0,3,28,0,0.642,0.316,0,6,1,1,9,14,165,2,0.749,1,31,3,19,12,7,2,6,44,1,0.863,0.684,0,9,3,0,5,12,357,4,1.407,1,2,2
317,10,3,6,4,11,0,9,29,0,0.578,0.294,0,3,2,0,11,14,161,0,0.063,1,18,2,21,16,1,1,3,32,1,0.858,0.706,0,5,4,0,4,10,387,1,1.287,0,2,2
318,12,2,14,6,16,0,14,33,3,0.714,0.401,0,3,0,0,6,12,203,1,0.352,1,15,0,13,8,6,0,8,26,0,0.822,0.599,0,3,0,0,15,11,303,2,0.329,0,2,0
319,11,2,5,4,8,0,8,31,0,0.632,0.233,1,6,2,0,10,10,117,2,0.175,1,35,6,19,13,6,2,3,41,0,0.878,0.767,0,11,3,0,5,9,386,3,2.238,2,2,2
320,10,0,7,4,18,1,2,25,1,0.722,0.275,0,4,1,0,8,5,162,1,0.196,1,20,1,12,9,7,2,2,27,1,0.893,0.725,0,8,2,0,11,10,428,5,0.628,0,0,2
321,17,3,23,14,5,1,9,28,2,0.846,0.681,0,6,2,0,15,8,397,2,1.348,0,15,2,27,11,8,0,12,34,0,0.688,0.319,0,7,2,0,14,9,186,2,0.31,0,1,1
322,13,3,12,8,7,1,1,19,0,0.887,0.681,0,11,3,0,8,9,363,6,0.607,0,14,5,8,5,11,0,4,28,0,0.776,0.319,0,1,1,0,7,3,170,0,0.054,3,1,1
323,13,2,4,4,12,2,3,35,1,0.776,0.381,0,9,2,0,9,11,223,6,0.697,1,13,0,13,9,9,3,6,26,3,0.871,0.619,0,9,1,0,13,10,363,4,2.048,1,2,2
324,15,3,14,7,16,0,11,35,0,0.797,0.529,0,6,1,0,12,17,236,4,1.246,2,20,4,12,8,7,1,2,48,0,0.733,0.471,0,4,1,0,15,13,210,1,0.524,1,2,2
325,22,9,19,17,5,1,6,33,2,0.875,0.738,0,13,4,1,10,14,385,5,1.271,1,9,0,4,2,11,0,4,22,0,0.701,0.262,0,2,0,0,10,8,137,2,0.094,2,1,1
326,12,1,13,6,9,1,8,30,0,0.624,0.229,0,2,0,0,6,12,109,2,0.218,0,22,4,24,20,3,0,0,35,1,0.875,0.771,0,14,5,0,7,12,368,4,0.931,1,1,1
327,20,2,9,7,4,3,4,24,3,0.907,0.719,0,11,2,1,9,12,418,5,2.437,0,12,1,6,2,8,0,7,27,0,0.712,0.281,0,3,0,1,9,9,163,1,0.15,0,1,1
328,8,2,13,6,8,1,10,22,1,0.679,0.254,0,4,2,0,13,5,140,1,0.965,0,40,3,30,21,3,0,2,49,1,0.854,0.746,0,8,4,0,12,20,412,2,0.57,0,2,1
329,16,5,15,10,5,2,5,23,1,0.899,0.748,0,14,3,0,5,4,388,6,1.448,1,15,3,6,5,6,1,3,32,0,0.649,0.252,0,4,1,0,9,5,131,1,0.195,2,1,1
330,12,0,3,3,17,1,2,31,0,0.739,0.349,0,8,2,1,15,18,180,2,0.667,1,14,0,14,5,4,2,2,25,2,0.899,0.651,0,4,0,0,6,11,336,3,0.501,1,2,2
331,11,1,5,4,8,1,5,28,2,0.632,0.296,0,2,0,0,6,8,152,1,0.087,0,21,3,7,4,7,1,2,32,3,0.859,0.704,0,7,3,0,5,7,362,2,0.451,1,0,0
332,18,2,17,9,3,3,2,27,1,0.888,0.741,0,9,0,0,1,13,421,5,2.087,0,18,2,4,4,8,0,7,34,1,0.694,0.259,0,2,0,0,10,6,147,1,0.069,0,1,1
333,29,7,22,13,6,0,3,50,2,0.793,0.603,0,9,3,1,9,12,314,4,1.162,1,12,3,11,7,13,0,3,44,0,0.686,0.397,0,5,1,1,14,9,207,2,0.523,1,1,0
334,16,2,9,4,11,0,0,33,0,0.704,0.319,0,4,0,0,7,8,135,1,0.195,2,16,7,18,14,8,0,2,27,2,0.84,0.681,0,12,3,0,11,11,288,4,0.793,0,0,0
335,34,3,11,9,5,2,2,41,4,0.918,0.718,0,8,2,0,10,4,428,4,2.46,2,16,1,9,3,2,0,5,27,1,0.78,0.282,0,2,0,0,10,9,168,2,0.064,0,1,1
336,16,0,7,4,13,1,3,31,1,0.845,0.603,0,6,3,0,11,8,316,2,0.335,2,14,0,8,5,6,0,7,31,1,0.774,0.397,0,3,0,0,5,12,208,1,0.404,2,1,1
337,21,5,17,13,4,2,3,40,3,0.842,0.613,0,10,2,2,6,8,342,3,1.058,0,7,3,7,5,8,0,7,23,1,0.75,0.387,0,3,1,0,7,7,216,2,0.312,0,1,1
338,27,4,12,8,5,6,0,33,2,0.908,0.791,0,12,1,0,9,9,404,8,3.514,0,10,1,3,1,12,0,5,29,1,0.579,0.209,0,0,0,0,15,4,107,0,0.0,0,1,1
339,17,6,16,9,4,0,1,28,2,0.868,0.782,0,9,4,1,7,17,417,2,0.564,0,6,1,3,0,13,0,8,24,0,0.603,0.218,0,4,1,0,18,8,116,2,0.533,1,1,0
340,15,3,9,4,13,0,6,37,1,0.582,0.289,0,6,1,0,12,8,153,0,0.462,2,19,2,23,12,3,0,7,32,1,0.844,0.711,0,8,2,0,9,7,377,2,1.437,1,2,0
341,22,1,17,14,6,1,6,35,0,0.834,0.597,0,5,0,0,15,14,289,3,0.243,1,12,6,12,6,5,0,8,31,0,0.656,0.403,0,6,2,0,12,22,195,0,0.31,1,0,1
342,14,6,5,5,4,1,5,23,1,0.9,0.697,0,14,6,0,5,7,430,3,1.065,0,18,2,5,2,4,1,5,35,0,0.759,0.303,0,4,1,0,6,6,187,2,0.772,1,2,0
343,27,6,17,12,8,1,3,33,2,0.876,0.788,0,7,4,0,10,12,379,3,0.611,2,9,1,10,4,6,1,11,33,0,0.598,0.212,0,2,0,0,15,6,102,1,0.108,1,0,0
344,10,4,14,5,8,0,5,33,1,0.722,0.321,0,3,0,0,16,7,194,1,0.255,1,16,3,13,4,2,0,1,24,1,0.869,0.679,0,4,0,0,19,16,411,2,0.291,0,0,0
345,19,0,11,7,13,2,7,27,0,0.851,0.323,0,10,2,0,12,7,175,4,1.232,1,11,1,12,9,5,2,7,22,0,0.893,0.677,0,8,4,0,4,6,366,3,0.878,0,2,0
346,20,5,12,5,11,0,4,44,0,0.717,0.473,0,6,1,0,11,3,240,2,0.825,0,17,0,11,7,6,2,5,36,3,0.757,0.527,0,5,1,0,12,14,267,4,1.62,0,2,2
347,17,4,7,5,7,1,0,43,1,0.672,0.33,0,5,2,0,11,8,174,2,0.668,0,16,1,13,10,7,0,4,29,2,0.856,0.67,0,6,0,0,11,12,354,4,0.313,0,1,1
348,16,1,7,2,5,1,6,35,0,0.761,0.38,0,5,0,0,11,8,201,1,0.363,1,24,3,12,7,8,1,2,32,1,0.878,0.62,0,2,0,0,9,7,328,1,0.208,2,1,0
349,15,2,3,1,5,0,3,30,0,0.675,0.28,0,3,0,0,17,13,166,1,0.046,0,9,1,23,13,3,0,4,15,1,0.906,0.72,0,4,1,0,6,13,426,1,0.27,1,0,0
350,10,2,5,4,11,0,11,27,1,0.761,0.386,0,6,2,0,5,9,197,3,0.26,3,20,3,6,5,7,1,10,35,1,0.834,0.614,0,11,5,0,10,7,314,3,1.153,0,2,2
351,21,2,14,8,13,0,4,35,0,0.755,0.359,0,4,1,0,7,7,188,1,0.107,1,17,2,8,6,10,1,2,29,2,0.851,0.641,0,8,3,0,10,10,335,2,0.434,1,2,2
352,16,1,4,1,10,0,2,30,1,0.695,0.272,0,0,0,0,9,13,164,0,0.0,2,23,2,11,8,3,1,4,36,2,0.886,0.728,0,6,1,1,7,15,438,3,0.925,1,2,2
353,28,7,19,8,7,0,2,41,1,0.872,0.755,0,7,5,0,11,13,392,1,0.388,0,10,2,10,4,10,0,10,28,1,0.661,0.245,0,4,1,0,14,5,127,2,0.26,1,1,0
354,23,4,9,4,6,1,5,44,3,0.838,0.671,0,11,2,1,2,13,376,6,1.662,1,11,0,4,3,4,2,7,34,1,0.696,0.329,0,5,0,0,11,7,184,3,0.552,0,1,2
355,30,1,15,12,3,2,5,33,2,0.93,0.684,0,7,0,0,5,11,469,4,1.53,0,14,3,11,8,4,1,7,26,0,0.802,0.316,0,7,3,0,8,7,217,3,1.459,0,1,1
356,12,4,15,9,12,1,4,25,0,0.768,0.378,0,9,3,0,10,11,224,2,0.551,0,19,1,13,6,8,1,3,29,1,0.872,0.622,0,3,1,0,11,13,368,1,0.892,1,0,0
357,10,2,6,3,14,0,9,29,1,0.609,0.221,0,3,0,0,8,5,128,1,0.211,1,18,4,5,4,2,3,3,30,1,0.874,0.779,0,8,1,0,6,13,451,4,0.326,0,2,2
358,14,0,8,3,6,1,13,29,0,0.681,0.215,0,4,1,0,15,9,141,2,0.669,0,15,0,8,4,8,1,2,29,0,0.905,0.785,0,2,0,0,9,12,515,2,0.245,0,1,0
359,12,2,7,3,8,2,2,25,3,0.793,0.305,0,6,1,0,12,4,193,3,1.045,1,12,1,13,7,9,4,2,18,1,0.92,0.695,0,5,0,0,9,5,439,5,1.123,2,2,2
360,13,2,7,4,4,0,7,34,0,0.62,0.198,0,7,1,0,11,4,129,1,0.711,0,21,5,15,9,3,0,2,29,2,0.901,0.802,0,7,2,0,4,8,523,2,0.266,0,2,0
361,23,4,12,8,6,2,2,33,1,0.889,0.779,0,5,1,0,7,15,413,2,0.243,0,11,2,5,2,13,1,4,21,0,0.701,0.221,0,7,3,1,10,6,117,1,0.679,0,1,1
362,21,3,21,12,9,2,2,34,0,0.908,0.744,0,7,1,1,7,9,459,2,1.982,0,9,0,8,5,10,0,4,20,0,0.709,0.256,0,3,0,0,12,12,158,1,0.083,2,1,1
363,33,3,14,11,2,4,7,40,1,0.914,0.783,0,11,3,0,6,9,502,5,2.795,0,10,1,4,4,11,0,10,25,1,0.647,0.217,0,2,0,0,11,11,139,0,0.198,1,1,1
364,8,4,9,5,9,1,6,27,1,0.654,0.291,0,4,1,0,10,13,133,2,1.146,2,22,4,8,4,5,1,3,37,4,0.802,0.709,0,3,1,0,15,13,324,2,0.284,0,0,0
365,18,3,13,11,8,4,6,24,1,0.895,0.669,0,9,2,0,5,5,362,5,1.015,1,15,1,2,1,8,1,1,35,0,0.721,0.331,0,5,0,0,5,14,179,2,0.544,1,1,1
366,26,2,10,6,7,3,0,37,6,0.858,0.713,0,10,2,1,5,10,352,5,2.691,1,11,2,1,1,5,1,5,34,2,0.613,0.287,1,3,2,0,7,7,142,1,0.21,1,1,1
367,11,1,13,9,5,3,5,18,2,0.866,0.55,0,10,0,0,3,10,335,6,2.157,1,9,1,8,6,5,0,5,27,0,0.799,0.45,0,1,1,0,11,13,274,0,0.013,1,1,1
368,15,3,2,1,11,0,8,42,0,0.724,0.438,0,8,3,0,12,19,210,1,0.193,3,20,3,13,11,7,1,2,41,4,0.789,0.562,0,7,1,0,5,20,270,3,1.183,1,2,2
369,16,0,4,3,6,1,3,26,4,0.69,0.267,0,6,0,0,10,5,155,3,0.375,1,15,4,8,7,8,2,2,26,2,0.878,0.733,0,7,1,2,2,11,425,3,1.486,0,1,2
370,16,1,10,7,13,0,4,28,2,0.817,0.403,0,4,2,0,9,9,268,1,0.19,0,23,1,12,8,3,0,18,37,1,0.887,0.597,0,3,0,0,10,8,397,1,0.111,0,2,0
371,16,1,11,4,8,1,12,36,3,0.751,0.322,0,6,1,0,16,7,181,2,0.234,1,15,2,24,14,1,0,4,29,2,0.848,0.678,0,5,2,0,8,20,381,2,0.733,0,2,1
372,25,2,14,8,5,1,5,34,1,0.907,0.695,0,11,2,1,10,13,429,5,1.077,1,18,0,7,6,12,0,1,39,0,0.718,0.305,0,2,0,0,8,14,188,0,0.045,0,1,1
373,14,2,13,10,1,2,6,19,4,0.898,0.66,0,6,1,0,4,6,421,2,0.81,0,15,3,9,7,11,1,9,37,1,0.756,0.34,0,5,2,0,8,9,217,1,0.273,0,1,1
374,12,2,12,7,15,1,0,28,0,0.873,0.663,0,2,0,0,9,11,385,1,0.423,1,21,1,13,5,14,1,0,31,0,0.776,0.337,0,5,0,1,5,7,196,1,0.683,0,0,0
375,9,0,7,4,10,1,3,23,0,0.784,0.313,0,3,0,0,15,9,194,2,0.447,1,14,3,12,8,4,2,2,26,3,0.901,0.687,0,6,1,0,7,20,426,4,0.458,0,2,2
376,24,1,10,10,7,2,9,36,1,0.826,0.534,0,6,0,1,11,14,310,2,0.933,0,9,2,9,4,13,0,14,22,0,0.789,0.466,0,4,0,0,9,12,270,3,0.113,1,1,1
377,32,0,14,8,9,1,2,37,3,0.908,0.705,0,10,0,0,18,16,445,5,1.111,0,10,0,9,5,6,0,7,27,0,0.715,0.295,0,3,1,0,13,8,186,0,0.046,0,1,1
378,15,1,9,6,9,0,4,27,1,0.837,0.374,0,3,1,0,8,7,264,1,0.17,0,9,2,15,9,5,1,5,19,1,0.918,0.626,0,6,1,0,12,6,441,2,1.041,0,2,2
379,18,1,6,5,11,1,12,37,1,0.71,0.444,0,4,1,0,15,8,259,2,1.141,1,13,0,11,9,7,0,4,23,1,0.787,0.556,0,6,1,1,13,13,324,1,0.46,1,0,1
380,18,5,8,7,5,0,5,26,0,0.882,0.687,0,8,4,0,7,11,408,2,0.706,0,8,0,7,5,10,1,14,22,1,0.742,0.313,0,1,0,0,13,11,186,1,0.124,1,1,2
381,13,1,18,11,12,1,5,34,0,0.602,0.235,0,3,0,0,5,10,118,3,1.005,1,31,1,10,10,6,0,5,38,2,0.899,0.765,0,7,0,0,5,7,385,2,0.845,0,2,1
382,19,2,12,3,10,1,8,37,1,0.605,0.319,0,6,2,0,16,11,152,3,1.06,1,13,4,15,6,2,0,3,35,3,0.79,0.681,0,10,1,1,9,17,324,6,1.038,1,2,1
383,15,0,14,5,8,0,4,30,0,0.64,0.246,0,1,0,0,15,8,139,1,0.068,0,24,3,13,7,5,1,2,36,2,0.899,0.754,0,7,2,1,10,14,426,4,0.843,2,2,2
384,20,4,21,16,5,2,2,28,1,0.847,0.665,0,11,3,1,9,14,354,5,2.394,0,14,0,6,4,9,1,9,41,3,0.652,0.335,0,1,0,0,16,10,178,1,0.232,1,1,1
385,32,6,12,7,6,0,2,38,3,0.88,0.718,0,7,4,0,10,8,433,2,0.462,0,12,2,3,0,1,0,8,32,0,0.647,0.282,0,3,0,0,10,16,170,2,0.136,1,0,0
386,11,1,6,3,17,1,5,29,2,0.648,0.274,1,7,2,0,11,8,122,5,1.326,2,21,5,13,10,7,2,3,35,1,0.846,0.726,0,8,3,0,3,13,324,4,0.985,2,2,2
387,22,3,16,7,8,2,1,28,1,0.879,0.704,0,17,3,0,12,14,348,7,2.774,0,15,1,5,2,10,0,3,41,1,0.678,0.296,0,1,1,0,14,4,146,0,0.022,2,1,1
388,10,1,17,6,14,0,9,24,1,0.669,0.215,0,2,0,0,20,6,133,1,0.055,3,40,1,37,20,4,1,6,44,0,0.914,0.785,0,5,0,0,13,10,487,2,0.82,2,2,2
389,13,0,11,3,12,0,1,23,3,0.69,0.247,0,0,0,0,13,6,145,0,0.0,2,10,5,16,9,4,1,4,19,0,0.894,0.753,0,10,3,1,9,7,442,3,1.175,0,2,2
390,25,5,27,16,7,1,7,31,0,0.877,0.73,0,9,1,0,8,9,456,4,1.356,0,14,2,12,7,11,0,12,25,1,0.68,0.27,0,2,0,0,17,4,169,1,0.336,1,1,1
391,17,3,22,13,5,3,4,29,4,0.806,0.593,0,9,2,0,14,12,253,5,1.077,0,12,2,8,2,14,0,9,38,1,0.661,0.407,0,4,0,0,16,13,174,1,0.302,2,1,1
392,14,2,3,1,4,0,10,37,3,0.704,0.253,0,4,0,0,9,8,159,3,0.738,0,23,1,13,9,7,1,3,29,1,0.909,0.747,0,6,1,0,5,15,470,2,0.595,0,2,2
393,17,0,8,4,17,1,12,30,1,0.75,0.384,0,3,0,0,13,12,216,3,0.661,1,14,1,3,3,5,1,5,27,0,0.833,0.616,0,7,0,0,12,12,347,4,0.775,0,0,0
394,26,2,11,7,10,3,6,32,0,0.918,0.727,0,6,0,1,9,5,497,3,1.346,0,9,0,9,5,17,0,7,24,0,0.765,0.273,0,2,1,1,4,7,187,0,0.049,0,1,1
395,14,1,14,6,11,0,7,34,4,0.672,0.347,0,1,0,0,12,15,174,0,0.055,2,22,5,15,5,4,1,3,36,1,0.866,0.653,0,9,4,1,10,10,328,3,0.539,1,2,2
396,14,0,19,13,3,0,3,26,4,0.871,0.771,0,4,0,0,9,13,388,1,0.546,1,12,3,9,5,12,1,9,38,2,0.591,0.229,0,8,1,0,14,5,115,4,0.94,1,2,2
397,25,3,10,9,3,2,1,37,4,0.886,0.732,0,10,3,0,6,10,466,3,0.446,0,8,1,6,4,7,0,2,31,1,0.713,0.268,0,1,0,0,11,8,171,0,0.032,1,1,1
398,16,2,13,8,2,2,7,23,1,0.909,0.801,0,8,4,0,13,9,482,2,1.917,0,12,0,8,2,8,0,5,28,0,0.6,0.199,0,2,0,0,10,17,120,2,0.055,1,1,1
399,14,1,8,4,8,2,14,36,1,0.73,0.395,0,3,0,0,9,15,204,1,1.26,2,25,1,12,8,2,1,4,29,5,0.814,0.605,0,4,0,0,12,12,312,3,0.405,0,0,1
400,15,2,11,6,5,3,2,20,0,0.9,0.747,0,8,1,0,5,9,411,5,1.007,1,4,1,2,1,8,0,6,20,1,0.669,0.253,0,3,0,0,10,13,139,2,0.254,3,1,1
401,13,0,16,8,5,0,5,29,2,0.747,0.27,0,3,1,0,6,12,166,1,0.091,0,28,3,1,1,8,2,2,40,4,0.882,0.73,0,4,0,0,16,9,449,3,2.232,0,0,2
402,20,4,20,15,4,2,5,33,1,0.862,0.739,0,9,1,0,7,14,399,3,2.335,0,9,4,5,2,10,0,3,29,2,0.631,0.261,0,1,1,0,9,11,141,0,0.015,0,1,1
403,24,3,16,12,9,2,8,35,3,0.892,0.704,0,6,1,0,16,7,407,4,1.172,0,8,1,10,2,10,1,4,22,1,0.743,0.296,0,4,1,1,9,7,171,1,0.305,0,1,1
404,16,2,10,5,11,0,5,25,0,0.718,0.198,0,3,1,0,16,4,124,1,0.078,1,23,2,17,13,3,1,2,30,5,0.914,0.802,0,6,0,0,11,6,502,2,0.47,0,2,2
405,9,0,14,7,7,0,1,24,0,0.806,0.338,0,1,1,0,8,11,191,0,0.026,0,25,6,11,6,8,1,2,36,2,0.877,0.662,0,7,2,0,17,12,374,3,0.279,1,0,2
406,11,0,11,4,9,1,5,28,1,0.732,0.413,0,9,2,0,20,14,220,3,0.88,1,18,3,12,7,6,1,5,35,1,0.824,0.587,0,4,0,0,11,15,313,3,0.297,1,2,0
407,12,1,10,6,8,2,3,19,1,0.898,0.592,0,4,0,1,7,10,363,3,1.36,1,14,3,9,7,8,1,5,30,1,0.808,0.408,0,6,1,0,14,16,250,3,1.483,1,1,1
408,13,1,7,4,8,0,4,34,0,0.719,0.314,0,2,1,0,8,13,167,0,0.14,1,11,6,13,9,4,0,5,24,0,0.863,0.686,0,9,3,0,16,9,365,2,0.686,2,1,0
409,14,3,8,5,12,2,4,45,2,0.61,0.389,0,4,1,0,16,11,195,2,0.697,0,16,1,13,9,6,0,4,32,1,0.761,0.611,0,6,2,0,11,8,306,2,0.489,2,1,1
410,18,3,5,3,8,0,2,38,0,0.777,0.393,0,4,0,1,12,11,247,1,0.341,1,17,4,16,12,4,2,4,32,0,0.864,0.607,0,11,2,0,6,20,382,8,1.962,1,2,2
411,25,9,14,10,8,2,4,40,1,0.866,0.697,0,11,3,1,12,15,381,6,1.573,1,6,0,8,6,7,0,16,16,3,0.765,0.303,0,2,1,0,10,4,166,0,0.085,1,1,1
412,26,2,13,12,6,1,4,44,4,0.855,0.643,0,7,2,0,8,13,337,3,0.395,0,11,0,6,5,16,0,6,30,3,0.759,0.357,0,3,1,0,12,16,187,0,0.129,2,1,1
413,14,2,10,5,8,0,10,31,2,0.758,0.381,0,10,5,0,9,14,215,2,0.785,1,23,1,23,18,5,1,1,38,3,0.825,0.619,0,4,0,1,17,8,349,2,0.276,1,0,2
414,37,4,16,9,7,3,1,46,0,0.895,0.763,0,9,2,0,8,10,421,5,2.374,0,17,0,3,1,11,0,8,37,2,0.725,0.237,0,1,0,0,11,8,131,0,0.315,1,1,1
415,12,1,4,1,8,0,5,32,2,0.597,0.222,0,2,1,0,11,5,119,0,0.038,3,17,6,13,9,5,1,4,26,2,0.882,0.778,0,8,1,0,6,6,416,3,0.469,1,2,2
416,10,1,7,4,14,0,13,24,3,0.645,0.348,0,4,1,0,13,11,186,2,0.276,2,24,3,21,18,6,0,3,33,1,0.808,0.652,0,5,0,0,7,21,349,2,0.637,0,0,0
417,29,3,13,9,8,5,4,34,2,0.928,0.812,0,9,0,1,6,17,472,8,3.355,1,9,1,3,1,11,0,4,25,0,0.615,0.188,0,2,1,0,15,7,109,1,0.115,1,1,1
418,15,4,7,4,13,0,8,30,3,0.59,0.231,0,4,0,0,17,10,117,2,0.407,3,24,4,22,13,2,3,6,33,1,0.882,0.769,0,8,2,0,9,9,389,4,1.913,0,2,2
419,21,1,7,5,12,1,4,38,2,0.676,0.268,0,4,2,0,10,11,145,1,0.893,1,17,3,11,7,5,0,4,25,0,0.874,0.732,0,10,2,0,12,7,396,5,1.12,2,2,1
420,10,7,23,19,4,1,5,20,1,0.841,0.595,0,12,2,0,7,15,327,7,0.926,0,17,2,6,3,10,0,4,41,1,0.735,0.405,0,0,0,0,18,8,223,0,0.0,0,1,1
421,15,1,12,11,6,2,5,22,1,0.889,0.709,0,9,0,0,3,10,404,3,1.558,1,16,2,9,6,11,0,6,36,1,0.705,0.291,0,3,2,0,10,7,166,1,0.224,0,1,1
422,7,2,16,2,11,0,10,19,0,0.763,0.32,0,3,1,0,17,13,194,1,0.212,1,30,3,9,7,8,0,1,35,2,0.901,0.68,0,2,1,0,13,13,413,1,0.048,1,2,0
423,15,3,6,4,12,0,6,32,4,0.652,0.277,0,3,1,0,10,8,158,1,0.205,0,20,4,15,12,4,1,3,41,3,0.828,0.723,0,3,0,0,8,9,412,2,0.744,0,2,2
424,24,4,10,4,4,1,3,32,0,0.852,0.666,0,7,5,0,18,13,331,1,0.564,0,15,5,5,1,12,0,9,33,1,0.681,0.334,0,7,1,0,13,15,166,3,0.903,0,1,1
425,21,4,21,15,3,0,3,31,1,0.883,0.748,0,8,2,0,11,16,428,1,0.631,2,12,4,8,3,14,0,8,32,1,0.694,0.252,0,2,1,0,12,12,144,1,0.182,1,1,0
426,19,2,19,18,6,3,3,35,3,0.905,0.729,0,10,0,1,8,10,453,7,2.009,0,13,0,7,3,11,0,7,27,1,0.762,0.271,0,2,1,0,6,6,168,0,0.219,1,1,1
427,18,2,6,5,12,0,3,42,4,0.719,0.442,0,3,0,0,6,11,210,3,0.237,3,19,3,13,9,8,2,4,29,3,0.86,0.558,0,11,4,0,8,9,265,3,1.517,1,2,2
428,14,6,18,13,4,2,4,18,3,0.911,0.754,0,9,0,0,2,7,427,5,2.976,0,10,1,5,3,12,0,3,24,2,0.727,0.246,0,4,0,0,10,1,139,2,0.249,0,1,1
429,9,3,7,3,5,0,5,26,1,0.662,0.26,0,2,0,0,8,7,157,0,0.11,1,23,1,12,11,3,2,2,33,4,0.888,0.74,0,8,0,0,17,10,447,4,1.824,1,2,2
430,18,3,15,9,7,1,2,31,1,0.869,0.716,0,10,3,0,8,10,389,3,1.171,2,18,0,11,6,9,0,15,33,2,0.669,0.284,0,3,0,0,6,9,154,1,0.277,1,1,1
431,12,6,9,3,16,0,5,34,0,0.636,0.249,0,7,2,0,9,13,132,3,0.414,1,6,0,9,4,7,0,4,16,2,0.892,0.751,0,3,0,0,10,11,398,3,0.28,1,0,0
432,27,9,15,9,5,0,4,36,2,0.841,0.747,0,7,1,0,10,12,389,2,0.71,1,7,0,6,3,6,1,8,23,1,0.659,0.253,0,3,0,0,18,5,132,3,0.429,1,2,2
433,12,2,14,8,8,0,1,25,0,0.73,0.267,0,3,0,0,14,6,163,0,0.413,2,23,6,23,14,4,1,7,27,3,0.886,0.733,0,10,3,0,11,13,448,4,0.638,0,2,2
434,18,3,6,3,5,0,3,31,3,0.809,0.543,0,4,2,0,8,12,283,1,0.526,0,11,4,7,3,5,1,10,38,4,0.739,0.457,0,4,0,0,13,20,238,3,0.365,1,1,2
435,12,3,3,1,8,1,1,31,1,0.68,0.316,0,4,1,0,19,7,169,3,0.243,2,15,2,14,7,8,2,4,29,3,0.863,0.684,0,6,1,1,7,11,366,2,0.929,2,2,2
436,9,3,2,0,10,0,6,23,0,0.602,0.19,0,3,2,0,15,5,113,0,0.475,1,33,2,11,9,6,1,2,38,1,0.936,0.81,0,4,1,0,4,12,483,2,0.46,0,1,2
437,13,6,17,12,5,2,2,24,1,0.898,0.743,0,11,4,0,5,9,501,4,1.287,1,17,2,3,1,9,0,2,34,2,0.676,0.257,0,1,1,0,6,9,173,0,0.028,0,1,1
438,22,3,22,16,9,1,2,31,3,0.877,0.749,0,5,0,1,14,7,465,1,0.383,1,12,1,11,5,8,0,15,29,0,0.673,0.251,0,2,0,0,15,3,156,1,0.336,2,1,1
439,14,5,17,7,10,0,9,32,1,0.718,0.44,0,3,1,0,20,17,248,0,0.069,0,16,2,26,16,1,0,6,27,0,0.791,0.56,0,10,2,0,21,27,316,4,2.014,0,2,0
440,10,2,4,2,7,0,4,33,0,0.613,0.264,0,5,0,0,21,14,142,2,0.273,0,16,2,12,7,5,1,2,29,3,0.884,0.736,0,5,1,0,8,14,396,2,0.824,0,2,2
441,11,1,6,3,10,0,2,26,1,0.723,0.244,0,3,1,0,10,14,141,0,0.461,0,27,3,18,10,3,1,4,36,1,0.897,0.756,0,3,1,0,12,9,436,1,0.25,0,2,2
442,16,2,7,2,11,0,4,30,2,0.792,0.412,0,7,1,0,9,13,212,4,0.885,1,10,2,12,6,9,2,5,24,4,0.855,0.588,0,5,2,0,11,11,303,2,0.521,0,2,2
443,16,0,12,8,11,0,7,30,0,0.755,0.248,0,3,0,0,13,6,155,1,0.135,1,6,3,14,8,6,1,2,11,2,0.906,0.752,0,5,0,1,10,6,470,2,1.234,1,0,2
444,28,7,7,4,0,1,0,43,3,0.887,0.733,0,14,3,0,11,12,371,6,1.041,0,11,2,7,4,5,1,2,34,0,0.681,0.267,0,3,0,0,5,8,135,2,0.249,1,0,0
445,14,3,11,7,5,1,1,26,3,0.88,0.706,0,9,3,0,6,13,434,4,0.809,0,22,2,3,3,16,0,5,35,1,0.724,0.294,0,1,0,0,8,8,181,0,0.058,0,1,1
446,16,0,7,3,5,1,6,32,1,0.689,0.183,0,8,3,0,13,8,122,2,1.41,0,28,0,13,11,2,1,3,35,2,0.926,0.817,0,4,0,0,5,7,543,2,0.148,0,0,0
447,27,3,14,8,12,1,4,35,3,0.877,0.671,0,9,2,0,8,11,349,2,0.969,1,10,3,9,4,12,1,5,24,0,0.725,0.329,0,6,3,0,17,8,171,2,0.773,1,1,0
448,7,3,24,15,7,2,0,15,2,0.879,0.666,0,6,1,1,6,5,355,2,1.634,2,17,5,6,5,9,0,5,33,2,0.725,0.334,0,4,0,0,11,7,178,2,0.111,1,1,1
449,30,7,17,11,5,1,5,36,1,0.892,0.825,0,12,3,0,7,14,461,7,1.102,0,4,1,6,5,6,0,7,23,0,0.541,0.175,0,0,0,0,11,7,98,0,0.0,0,1,1
450,15,5,14,11,5,2,4,22,0,0.862,0.709,0,9,2,0,6,8,355,4,0.506,0,10,0,3,1,11,0,8,21,3,0.719,0.291,1,2,0,0,8,4,146,1,0.168,2,1,1
451,11,3,9,5,13,0,10,31,0,0.654,0.285,0,4,0,0,8,9,127,3,0.174,2,17,3,10,8,5,1,1,22,2,0.855,0.715,0,7,0,0,14,11,318,5,1.034,0,2,2
452,13,3,10,3,10,0,8,22,0,0.765,0.211,0,5,0,0,3,5,119,1,0.201,1,38,3,11,8,3,5,2,41,2,0.912,0.789,0,12,1,0,12,8,444,6,1.756,0,2,2
453,7,4,12,8,8,1,10,26,1,0.551,0.237,0,6,2,0,13,6,127,1,0.287,2,26,2,18,11,6,0,2,37,2,0.875,0.763,0,5,1,0,8,8,409,2,0.151,2,0,1
454,28,6,16,9,7,0,1,43,0,0.825,0.721,0,12,4,0,9,12,349,3,0.944,0,14,2,7,5,15,0,6,34,1,0.578,0.279,0,2,2,0,14,10,135,0,0.109,1,1,0
455,15,4,6,4,5,1,3,20,2,0.895,0.774,0,8,2,0,7,12,455,3,1.033,0,9,1,3,1,16,1,9,29,3,0.639,0.226,0,3,1,0,11,6,133,1,0.67,2,1,0
456,10,1,3,2,15,0,7,28,1,0.733,0.354,0,2,0,0,6,15,180,2,0.084,3,22,2,7,5,9,2,2,38,2,0.881,0.646,0,7,0,0,4,9,329,3,1.154,2,2,2
457,12,4,11,8,5,0,8,26,2,0.82,0.656,0,6,3,0,6,10,328,2,0.415,1,11,3,11,7,9,0,6,35,3,0.576,0.344,0,2,0,0,6,13,172,1,0.234,0,1,0
458,22,3,15,11,4,3,3,34,3,0.922,0.782,0,10,1,0,4,8,462,7,1.794,0,13,0,4,3,11,0,7,24,1,0.713,0.218,0,1,0,0,8,6,129,1,0.044,2,1,1
459,8,1,13,8,11,0,5,19,0,0.74,0.356,0,3,0,0,20,10,219,0,0.613,2,22,2,7,3,6,3,2,38,2,0.874,0.644,0,9,3,0,14,5,396,4,0.687,0,2,2
460,15,2,14,10,10,0,5,37,1,0.614,0.291,0,5,0,0,4,13,140,1,0.822,1,28,3,12,11,6,0,2,42,2,0.842,0.709,0,8,4,0,8,12,341,2,0.624,0,0,0
461,18,1,3,0,6,0,6,31,0,0.749,0.418,0,10,2,2,7,12,207,1,0.446,0,21,4,5,1,11,0,3,33,1,0.84,0.582,0,5,1,0,4,11,288,2,0.49,0,2,0
462,15,3,11,5,15,0,11,40,3,0.671,0.375,0,8,2,1,8,13,164,2,1.032,3,22,0,10,7,4,3,1,38,0,0.817,0.625,0,9,2,0,10,11,273,3,2.171,2,2,2
463,8,1,6,3,3,1,6,38,4,0.689,0.319,0,2,1,0,8,9,180,1,0.06,0,20,4,12,7,4,1,2,26,4,0.849,0.681,0,12,4,0,6,9,384,7,1.023,0,2,0
464,34,1,12,9,6,3,1,48,0,0.834,0.704,0,10,0,0,6,12,319,7,2.321,0,11,3,6,4,12,1,3,29,2,0.642,0.296,0,5,1,0,8,11,134,2,0.765,1,1,1
465,29,6,27,12,5,2,0,35,0,0.895,0.748,0,11,2,0,7,13,362,5,1.025,0,20,3,5,3,12,0,6,38,0,0.73,0.252,0,4,3,0,17,4,122,0,0.619,1,1,1
466,18,2,21,14,5,1,5,27,2,0.878,0.735,0,8,1,1,7,13,410,2,1.067,0,13,0,12,9,11,0,8,27,3,0.642,0.265,0,0,0,0,21,10,148,0,0.0,2,1,1
467,14,1,10,2,16,0,5,30,0,0.699,0.322,0,7,3,2,8,11,143,2,0.295,1,20,6,8,0,11,0,3,31,3,0.85,0.678,0,3,0,0,10,8,301,2,0.182,1,2,0
468,19,3,15,5,17,0,3,41,1,0.732,0.424,0,5,2,0,18,17,198,0,0.731,2,14,2,18,12,13,1,2,30,0,0.814,0.576,0,4,2,0,17,11,269,1,0.308,2,2,2
469,13,4,28,14,7,0,4,32,2,0.808,0.574,0,6,2,0,20,19,308,2,0.483,0,12,3,24,13,12,0,10,31,0,0.742,0.426,0,6,1,0,17,14,229,3,0.254,0,1,0
470,14,3,3,1,9,0,2,36,3,0.661,0.336,0,8,1,0,8,17,174,3,0.505,0,24,5,13,11,10,2,6,41,2,0.84,0.664,0,5,0,0,11,13,344,3,0.448,1,2,2
471,14,1,8,4,15,0,3,28,2,0.715,0.268,0,3,0,0,10,10,158,1,0.364,1,17,2,17,12,2,1,8,29,3,0.884,0.732,0,7,1,0,10,8,432,2,1.16,0,2,2
472,18,2,21,12,6,2,7,28,1,0.77,0.366,0,7,0,0,10,12,196,5,0.657,0,17,5,16,10,6,1,6,27,1,0.868,0.634,0,10,4,0,14,7,340,6,0.681,1,1,1
473,10,2,12,8,13,1,9,31,0,0.639,0.247,0,2,0,0,10,9,122,2,0.15,0,22,5,25,21,6,1,7,28,0,0.876,0.753,0,12,3,0,5,8,372,4,1.342,0,0,0
474,24,4,14,11,9,0,7,32,4,0.744,0.416,0,7,1,0,14,10,215,1,0.706,0,19,1,17,14,6,0,2,29,3,0.815,0.584,0,4,2,0,8,17,302,1,0.298,0,0,0
475,9,0,11,6,9,0,6,27,3,0.677,0.271,0,2,0,0,11,13,127,0,0.056,1,34,0,15,10,11,1,1,46,1,0.868,0.729,0,3,1,0,8,10,342,2,0.729,0,2,2
476,17,1,8,5,10,2,0,30,4,0.853,0.735,0,5,1,0,12,15,327,3,1.338,0,10,3,9,3,9,1,5,31,2,0.653,0.265,0,4,2,0,4,10,118,1,0.2,2,1,1
477,11,2,14,8,9,0,9,28,3,0.826,0.615,0,3,1,0,18,16,328,1,0.084,0,11,1,17,8,12,0,9,32,3,0.717,0.385,0,7,2,0,14,12,205,2,0.635,2,1,0
478,22,3,10,7,6,1,7,30,3,0.871,0.591,1,9,4,0,14,10,318,4,0.825,1,10,2,2,1,4,0,1,20,1,0.818,0.409,0,6,0,0,11,9,220,3,0.596,1,1,1
479,26,2,9,6,7,3,6,35,1,0.88,0.671,0,10,0,0,9,7,342,6,0.786,2,10,0,3,3,8,0,8,27,2,0.732,0.329,0,3,1,0,11,11,168,0,0.836,1,1,1
480,10,2,9,3,11,0,2,31,0,0.64,0.296,0,7,0,0,10,11,136,3,0.5,2,13,0,15,10,8,0,2,32,4,0.83,0.704,0,1,0,0,11,17,323,1,0.022,2,0,0
481,24,7,19,14,3,0,6,34,1,0.871,0.769,0,14,5,0,3,11,396,3,1.361,0,9,1,2,0,13,0,5,29,0,0.555,0.231,0,1,0,0,8,8,119,1,0.041,1,1,0
482,10,0,5,3,10,0,6,30,4,0.565,0.255,0,4,1,0,11,11,115,3,0.122,0,38,5,11,5,9,0,1,59,2,0.833,0.745,0,6,1,0,9,17,336,1,0.774,0,2,0
483,17,3,7,3,11,0,4,40,2,0.64,0.386,0,5,0,0,14,11,189,0,0.409,0,22,3,16,12,8,0,6,35,1,0.847,0.614,0,5,0,0,7,13,301,2,1.368,0,0,0
484,10,1,3,1,8,0,3,24,1,0.624,0.267,0,1,0,0,10,8,141,0,0.064,1,20,3,17,11,5,3,3,30,2,0.887,0.733,0,12,3,1,5,11,388,3,0.981,1,2,2
485,19,3,9,5,6,4,7,33,3,0.857,0.592,0,6,0,1,8,7,273,5,1.378,0,14,6,10,4,12,1,4,28,1,0.729,0.408,0,9,3,0,12,10,188,2,1.059,2,1,1
486,14,1,9,3,17,0,9,28,2,0.743,0.391,0,6,2,0,12,19,183,0,0.258,1,21,3,17,12,11,1,7,33,1,0.835,0.609,0,7,1,0,16,10,285,2,0.637,1,2,2
487,29,5,25,15,2,2,9,41,0,0.843,0.695,0,10,3,0,16,8,382,3,2.189,0,9,0,16,9,5,0,6,29,1,0.69,0.305,0,4,0,0,11,10,168,2,0.755,0,1,1
488,30,10,14,9,4,1,2,43,0,0.889,0.727,0,12,3,2,12,10,423,5,1.775,0,13,2,5,1,5,0,2,29,2,0.679,0.273,0,1,0,0,13,11,159,1,0.019,2,1,1
489,19,4,29,18,5,0,7,30,1,0.856,0.666,0,10,4,0,7,12,333,4,0.637,1,16,2,3,2,15,0,3,29,1,0.647,0.334,0,3,0,0,19,9,167,2,0.484,3,1,0
490,16,3,11,10,7,5,3,25,2,0.847,0.594,0,11,1,2,6,13,275,5,2.81,0,7,0,7,7,12,1,4,15,0,0.771,0.406,0,5,4,0,10,9,188,1,0.142,1,1,1
491,15,1,6,2,13,1,8,39,0,0.432,0.461,0,4,1,0,14,15,148,2,0.434,2,7,0,11,8,14,2,4,32,1,0.543,0.539,0,4,1,0,17,22,173,2,0.214,0,2,2
492,24,2,18,12,6,5,7,32,2,0.866,0.694,0,10,1,0,9,14,306,8,2.798,0,12,5,12,4,12,0,5,22,1,0.689,0.306,1,1,0,0,10,8,135,0,0.037,1,1,1
493,38,2,7,5,8,2,4,52,2,0.855,0.678,0,9,4,0,6,7,297,3,1.421,0,14,1,8,5,13,0,10,28,4,0.681,0.322,0,4,1,0,7,10,141,0,0.673,1,1,1
494,10,1,6,3,15,0,4,27,1,0.678,0.315,0,2,0,0,7,10,174,1,0.142,0,26,1,11,5,5,0,7,40,0,0.857,0.685,0,4,2,0,11,10,378,0,0.171,0,2,0
495,22,4,18,11,11,2,1,32,0,0.885,0.692,0,9,2,0,7,7,330,4,1.533,1,6,1,3,3,12,0,7,27,2,0.599,0.308,0,3,1,0,12,12,147,1,0.161,1,1,1
496,16,1,21,16,6,3,8,23,4,0.859,0.641,0,12,4,0,9,11,311,3,1.356,0,9,0,11,7,13,1,7,28,1,0.718,0.359,0,2,0,0,13,9,174,2,0.935,1,0,1
497,10,1,8,1,15,0,7,35,3,0.563,0.317,0,3,1,0,13,14,142,0,0.087,1,24,2,8,8,4,1,4,43,2,0.794,0.683,0,7,1,0,13,14,306,4,0.795,0,2,2
498,31,8,15,6,5,1,3,49,1,0.819,0.642,0,8,4,0,4,8,276,2,1.288,0,18,4,4,0,7,0,4,36,2,0.669,0.358,0,2,1,0,15,5,154,1,0.854,0,1,1
499,15,0,13,6,10,0,4,28,1,0.741,0.26,0,2,0,0,13,6,139,0,0.039,1,26,3,14,7,5,1,1,36,0,0.894,0.74,0,11,2,0,9,12,395,7,1.963,1,2,2
500,14,1,4,1,17,2,5,33,1,0.594,0.262,0,3,0,0,7,10,106,2,0.244,0,19,1,11,8,8,1,0,30,3,0.795,0.738,0,8,1,0,13,12,298,4,1.268,1,0,1
501,13,4,12,7,11,2,6,33,3,0.654,0.432,0,7,0,0,9,17,185,4,1.073,1,16,3,12,9,6,1,7,32,1,0.765,0.568,0,7,2,0,9,13,243,2,0.604,1,0,1
502,14,2,19,12,6,1,5,34,0,0.756,0.444,0,12,2,0,16,14,205,4,0.911,0,9,3,25,11,8,2,6,29,1,0.763,0.556,0,5,0,0,16,11,257,3,0.984,0,1,2
503,20,7,20,13,6,4,1,30,2,0.879,0.701,0,16,4,0,2,6,373,8,2.39,1,15,0,5,3,14,0,11,32,2,0.723,0.299,0,0,0,0,7,7,159,0,0.0,3,1,1
504,17,1,18,10,9,0,5,24,3,0.807,0.599,1,6,1,0,11,17,238,0,0.499,1,10,1,9,2,11,0,4,30,0,0.673,0.401,0,0,0,0,12,10,159,0,0.0,1,2,0
505,19,3,14,7,5,0,4,29,1,0.855,0.71,0,7,3,0,8,18,365,1,1.064,1,14,1,3,2,6,0,4,34,0,0.591,0.29,0,0,0,0,11,8,149,0,0.0,1,1,0
506,19,1,11,9,9,0,3,35,1,0.703,0.353,0,8,0,1,11,11,182,2,0.579,0,28,0,11,8,8,1,3,51,2,0.835,0.647,0,9,4,0,10,9,334,3,0.541,1,2,2
507,15,3,20,14,14,1,5,31,2,0.778,0.408,0,3,0,0,5,11,212,2,0.524,1,14,1,15,10,6,3,4,31,2,0.85,0.592,0,10,0,0,13,6,307,9,1.778,2,2,2
508,20,3,8,5,6,0,1,33,3,0.873,0.768,0,5,1,0,7,20,424,3,0.262,0,8,0,7,3,11,0,5,26,2,0.602,0.232,0,0,0,0,19,11,128,0,0.0,1,0,0
509,4,1,4,4,10,0,6,20,0,0.677,0.284,0,2,1,0,9,11,130,0,0.051,2,14,13,18,14,4,2,2,26,0,0.845,0.716,0,14,6,0,10,11,328,3,1.738,0,2,2
510,23,1,4,0,6,1,7,49,3,0.669,0.285,0,3,0,0,15,9,136,2,0.226,0,22,2,13,9,5,0,1,37,1,0.856,0.715,0,8,1,1,7,13,341,2,0.557,1,1,1
511,15,2,6,5,11,0,3,43,0,0.616,0.292,0,1,0,0,7,7,151,0,0.301,1,25,5,14,9,4,0,4,41,0,0.814,0.708,0,10,4,0,7,13,366,4,0.721,0,2,0
512,20,3,15,11,4,2,0,30,1,0.859,0.651,0,9,2,0,12,10,340,4,0.959,1,8,3,7,4,9,0,3,25,2,0.764,0.349,0,2,0,0,12,12,182,0,0.169,1,1,1
513,20,3,10,5,4,0,9,40,4,0.728,0.399,0,2,1,0,14,7,224,0,0.316,0,23,5,16,10,11,0,6,36,1,0.817,0.601,0,7,2,0,9,8,338,2,0.685,0,2,0
514,19,5,10,5,4,3,4,35,2,0.815,0.602,0,15,5,0,11,19,271,6,2.849,0,12,0,6,4,7,0,3,35,1,0.704,0.398,0,0,0,0,11,12,179,0,0.0,0,1,1
515,26,4,16,11,6,4,1,43,2,0.776,0.578,0,10,0,0,9,9,241,7,2.542,1,7,2,3,0,6,0,4,24,1,0.682,0.422,0,2,0,0,9,6,176,1,0.078,0,1,1
516,4,3,9,4,14,0,9,32,0,0.615,0.29,0,3,1,0,11,6,143,2,0.109,1,18,3,18,12,7,0,2,33,0,0.837,0.71,0,10,3,0,9,9,350,4,0.766,1,2,0
517,6,0,3,2,14,1,6,30,0,0.701,0.388,1,3,0,0,7,12,154,2,0.607,1,18,5,18,15,12,0,6,32,0,0.802,0.612,0,11,3,1,7,7,243,2,1.172,0,2,1
518,10,0,4,1,6,0,5,30,0,0.579,0.314,0,1,0,0,14,13,164,1,0.044,0,17,4,17,10,6,1,6,33,0,0.81,0.686,0,9,2,1,9,18,358,4,0.816,1,2,2
519,21,3,11,8,9,2,4,33,0,0.855,0.593,0,11,2,1,13,4,297,5,1.413,0,12,2,16,8,12,0,4,28,3,0.799,0.407,0,4,1,0,10,13,204,2,0.207,2,1,1
520,11,1,6,3,12,0,0,30,1,0.718,0.332,0,2,0,0,9,12,149,1,0.03,3,13,2,12,8,7,2,7,22,5,0.88,0.668,0,7,0,0,10,7,300,3,1.576,0,2,2
521,25,2,12,9,5,2,3,42,3,0.828,0.541,0,8,3,0,7,15,261,3,1.247,0,21,3,9,8,10,0,6,33,0,0.778,0.459,0,4,2,0,7,9,221,0,0.058,1,1,1
522,28,4,27,14,9,2,3,37,0,0.9,0.733,0,9,4,0,10,7,409,3,1.356,1,7,1,3,2,9,0,8,21,0,0.711,0.267,0,2,0,0,15,8,149,2,0.037,2,1,1
523,22,7,16,9,6,2,3,29,2,0.873,0.73,0,11,3,0,12,11,370,3,0.932,0,11,2,17,11,3,1,7,29,3,0.657,0.27,0,5,0,0,13,9,137,2,1.104,0,1,1
524,10,6,10,6,13,1,5,29,1,0.75,0.34,0,11,2,1,7,5,164,3,0.709,2,18,3,26,19,5,3,2,30,3,0.875,0.66,0,8,2,0,6,14,319,5,2.603,0,2,2
525,14,1,1,1,9,0,7,33,1,0.679,0.237,0,8,2,1,12,9,134,3,0.43,1,32,3,10,6,7,0,4,42,1,0.907,0.763,0,5,1,0,4,9,431,1,0.665,0,0,0
526,21,9,18,15,4,4,12,29,3,0.843,0.694,0,11,2,0,7,9,356,6,2.477,0,18,0,8,7,10,1,5,27,0,0.707,0.306,0,2,0,1,17,6,157,1,0.141,0,1,1
527,17,1,10,4,17,0,4,27,0,0.771,0.388,0,9,4,0,14,10,205,3,0.811,2,16,1,11,9,5,1,3,33,0,0.867,0.612,0,3,0,0,14,12,323,2,0.098,0,0,2
528,10,0,16,10,9,2,13,25,1,0.686,0.297,0,5,2,0,11,6,159,3,0.683,0,18,2,23,12,6,1,7,30,1,0.862,0.703,0,5,1,0,8,12,376,2,0.143,1,1,1
529,21,2,10,5,8,1,5,36,0,0.704,0.391,0,7,3,0,11,16,179,3,0.864,0,21,3,20,14,6,0,7,40,0,0.824,0.609,0,7,5,0,10,12,279,1,0.382,2,1,1
530,16,0,15,13,10,3,8,31,2,0.771,0.466,0,4,0,0,20,9,240,3,1.64,0,17,4,19,13,13,1,11,27,1,0.84,0.534,0,5,1,0,5,7,275,2,0.602,1,1,1
531,18,2,11,7,15,1,4,29,0,0.874,0.688,0,11,4,0,9,14,357,6,1.298,0,15,0,6,5,15,1,6,29,0,0.728,0.312,0,5,0,0,14,7,162,3,0.478,0,1,0
532,13,3,15,10,8,0,6,25,2,0.847,0.652,0,11,0,1,8,10,321,2,0.816,1,13,2,5,4,8,0,12,41,0,0.626,0.348,0,4,2,0,11,12,171,1,0.194,2,0,0
533,16,0,5,2,9,0,3,32,1,0.69,0.434,0,5,2,0,11,15,187,0,0.178,1,13,3,16,14,3,1,6,38,0,0.779,0.566,0,8,0,2,12,10,244,2,1.186,0,0,2
534,15,4,13,8,6,1,1,24,2,0.845,0.626,0,8,2,0,12,14,290,4,0.938,1,19,0,10,5,11,0,12,38,0,0.775,0.374,0,2,0,0,7,10,173,2,0.069,2,1,1
535,22,6,10,8,5,0,3,35,4,0.825,0.653,0,9,1,0,13,8,297,4,0.897,0,18,0,5,3,8,0,3,33,1,0.658,0.347,0,3,0,0,9,13,158,0,0.272,1,1,0
536,8,2,4,3,13,1,4,25,0,0.733,0.335,0,7,0,0,9,9,165,5,1.182,0,23,4,13,10,5,1,3,45,1,0.841,0.665,0,6,5,0,7,17,327,1,0.492,0,0,0
537,22,4,25,21,3,1,4,30,2,0.855,0.716,0,8,1,1,5,12,345,2,0.82,0,10,0,5,4,13,0,6,31,1,0.657,0.284,0,3,1,0,14,6,137,0,0.069,2,1,1
538,10,3,26,20,8,1,2,20,1,0.861,0.556,0,7,2,0,14,7,267,1,0.338,1,17,5,21,12,7,0,7,31,0,0.798,0.444,0,9,4,0,11,12,213,4,0.44,1,2,1
539,17,4,7,3,11,0,2,30,0,0.823,0.635,0,7,4,0,8,18,316,1,0.198,1,10,0,4,2,8,0,14,29,3,0.731,0.365,0,2,0,1,7,9,182,0,0.069,0,1,0
540,16,7,32,19,7,0,3,30,3,0.834,0.733,0,7,2,0,9,14,326,2,0.281,0,5,1,5,2,14,0,6,25,0,0.613,0.267,0,2,1,0,23,9,119,0,0.117,3,1,0
541,26,1,14,9,5,1,3,40,3,0.862,0.661,0,6,2,0,11,9,340,1,1.091,0,13,0,10,6,10,0,0,27,0,0.724,0.339,0,3,1,0,18,9,174,0,0.195,1,1,1
542,10,2,6,4,10,1,2,18,0,0.806,0.452,0,13,2,0,12,11,217,5,1.355,1,17,0,6,4,7,0,7,30,3,0.856,0.548,0,4,1,0,9,5,263,3,0.152,2,0,1
543,13,0,9,6,11,0,5,32,0,0.756,0.355,0,9,2,0,10,11,176,1,1.238,1,18,2,9,6,12,1,4,35,0,0.841,0.645,0,5,0,0,11,7,320,3,0.715,1,2,2
544,8,3,3,2,16,1,8,25,0,0.746,0.41,0,6,2,0,14,16,197,1,0.72,1,20,4,13,11,9,1,6,38,0,0.82,0.59,0,5,2,0,8,16,284,2,0.785,0,0,0
545,12,2,5,5,7,2,11,22,6,0.839,0.488,0,11,3,0,9,7,254,6,0.579,1,12,1,9,8,15,0,2,23,1,0.846,0.512,0,7,1,0,6,6,266,1,0.485,1,1,1
546,16,4,11,8,12,3,5,28,0,0.859,0.576,0,11,3,0,9,10,319,7,1.819,2,11,2,16,8,13,0,3,32,0,0.791,0.424,0,3,1,0,8,9,235,1,0.061,2,1,1
547,15,1,2,2,10,0,6,31,2,0.724,0.328,0,4,1,0,9,9,174,0,0.105,0,21,5,15,10,9,2,4,30,0,0.854,0.672,0,8,1,0,5,7,357,5,0.679,0,2,2
548,14,5,9,5,10,0,8,32,0,0.749,0.392,0,7,2,0,9,11,167,2,0.165,2,8,4,5,3,3,3,2,26,2,0.819,0.608,0,7,1,1,10,9,259,4,1.753,0,2,2
549,8,2,14,11,12,0,7,23,2,0.787,0.482,0,9,1,0,9,4,244,2,0.845,1,7,0,15,11,11,0,5,23,0,0.794,0.518,0,3,1,0,10,8,262,1,0.171,3,1,0
550,11,2,9,6,10,1,10,29,0,0.759,0.41,1,6,1,0,8,10,203,2,0.225,0,19,0,6,3,9,1,1,31,2,0.873,0.59,0,4,1,0,7,12,292,3,1.07,1,1,0
551,17,5,11,2,7,3,5,38,3,0.838,0.701,0,6,1,0,10,16,365,5,0.628,0,16,0,9,4,11,0,17,32,0,0.699,0.299,0,3,0,0,14,2,156,1,0.225,0,1,1
552,8,0,4,2,13,0,5,31,1,0.664,0.25,0,2,0,0,8,1,131,1,0.139,1,30,2,6,3,3,3,2,42,3,0.903,0.75,0,12,1,1,5,12,392,6,1.594,0,2,2
553,12,1,10,5,15,1,11,27,2,0.725,0.297,0,8,2,0,11,4,153,2,0.759,1,18,3,24,16,8,0,1,31,0,0.873,0.703,0,6,1,0,9,12,363,3,0.211,0,2,1
554,15,4,17,14,8,1,4,29,1,0.888,0.677,0,10,3,0,5,10,321,2,1.964,0,7,4,6,5,6,0,7,26,1,0.686,0.323,0,2,1,0,10,9,153,1,0.35,2,0,1
555,8,1,15,7,13,2,10,21,2,0.849,0.633,1,12,2,0,9,9,304,7,3.194,3,16,1,6,4,14,2,4,28,0,0.75,0.367,0,6,2,0,13,4,176,2,0.963,2,0,0
556,12,1,10,4,6,0,6,31,3,0.696,0.309,0,3,0,0,19,10,184,1,0.535,0,21,5,13,9,6,0,4,39,3,0.867,0.691,0,6,2,0,10,13,412,2,0.531,2,1,0
557,11,0,6,4,11,1,1,27,1,0.752,0.318,0,6,0,1,15,6,149,3,0.363,1,12,1,11,10,5,0,4,23,5,0.881,0.682,0,9,3,0,11,8,319,2,1.02,0,1,1
558,12,1,14,8,6,2,8,25,1,0.881,0.624,0,6,1,0,13,10,335,4,0.905,0,11,2,14,7,14,1,2,21,0,0.837,0.376,0,6,0,0,11,8,202,4,0.453,2,1,1
559,6,2,6,1,6,0,4,19,0,0.728,0.24,0,5,1,1,14,12,147,1,0.517,0,50,0,10,6,5,3,2,61,0,0.916,0.76,0,8,3,0,12,10,466,5,0.946,0,2,2
560,21,7,20,17,8,1,3,32,0,0.824,0.704,0,15,5,0,2,10,295,3,1.643,1,9,0,3,3,14,1,9,31,3,0.573,0.296,0,4,0,0,12,8,124,3,0.562,1,0,0
561,13,2,6,3,6,0,11,28,1,0.796,0.412,0,4,1,0,17,10,221,0,0.156,0,15,6,14,9,6,0,9,26,1,0.867,0.588,0,9,4,0,11,10,315,3,1.191,1,1,0
562,26,1,15,7,7,0,0,41,5,0.857,0.695,0,8,1,1,10,10,322,3,0.988,1,19,3,12,7,19,0,3,42,1,0.667,0.305,0,3,0,0,11,12,141,2,0.795,0,1,0
563,17,0,11,7,7,1,3,39,1,0.832,0.683,0,3,0,0,8,14,286,2,0.566,1,12,1,5,3,13,0,3,31,6,0.654,0.317,0,4,2,0,11,14,133,0,0.131,0,1,1
564,19,2,31,24,8,0,4,32,1,0.84,0.665,0,11,3,1,16,18,331,2,0.449,1,13,0,13,5,7,0,8,33,0,0.701,0.335,0,3,0,0,23,7,167,2,0.811,2,1,0
565,18,1,20,13,10,1,2,30,0,0.871,0.662,0,10,5,0,10,15,303,2,0.767,0,10,5,9,7,14,0,2,34,0,0.697,0.338,0,4,1,0,13,2,155,0,0.111,1,1,1
566,14,1,6,2,14,0,9,35,1,0.758,0.386,0,4,1,0,10,7,190,1,0.101,1,12,8,18,12,11,0,2,32,3,0.818,0.614,0,4,2,0,7,13,302,2,0.496,1,2,0
567,19,4,27,17,10,1,6,32,1,0.841,0.646,0,5,1,0,13,16,314,3,0.517,0,9,3,6,2,15,1,7,24,0,0.738,0.354,0,3,2,0,22,11,172,1,0.415,1,1,0
568,14,2,17,9,6,0,1,26,1,0.87,0.662,0,8,1,0,8,14,368,1,0.206,1,12,1,10,6,8,1,4,28,2,0.729,0.338,0,5,1,1,15,11,188,2,0.438,2,0,2
569,12,0,4,1,18,0,4,26,1,0.635,0.245,0,3,0,1,8,10,126,2,0.136,2,21,2,8,6,10,1,2,32,0,0.915,0.755,0,7,1,0,5,9,388,3,0.645,1,2,2
570,10,1,7,3,9,0,12,27,2,0.771,0.366,0,10,3,0,9,14,188,2,0.617,1,25,1,5,3,16,1,2,42,0,0.855,0.634,0,4,1,0,13,7,325,1,0.961,1,0,2
571,12,3,11,6,4,1,7,30,0,0.66,0.339,1,5,2,0,10,12,141,1,0.42,0,16,3,14,10,4,1,2,24,0,0.84,0.661,0,10,1,0,9,17,275,1,0.926,0,2,0
572,16,5,5,2,3,3,5,33,1,0.864,0.658,0,10,5,0,4,12,354,4,1.513,0,18,1,3,1,12,0,6,42,0,0.685,0.342,0,0,0,0,11,10,184,0,0.0,1,1,1
573,12,2,19,17,7,1,5,25,1,0.823,0.552,0,4,0,0,5,15,237,3,1.133,2,9,0,8,8,15,0,10,23,2,0.75,0.448,0,2,1,0,16,11,192,1,0.096,1,1,1
574,23,6,8,4,4,0,3,43,2,0.787,0.702,0,16,5,0,14,11,314,7,1.24,0,14,0,6,4,13,0,6,35,1,0.571,0.298,0,3,0,0,7,13,133,0,0.274,2,1,0
575,17,4,19,13,14,0,7,32,0,0.796,0.635,0,12,5,2,10,11,299,3,1.391,1,15,2,8,5,12,0,6,40,4,0.68,0.365,0,2,0,0,8,8,172,1,0.535,2,1,0
576,9,3,5,5,15,0,6,29,2,0.685,0.424,0,3,1,0,10,12,178,0,0.202,1,14,4,25,20,14,1,2,33,0,0.769,0.576,0,6,3,0,6,12,242,1,0.259,1,2,2
577,20,4,22,16,11,1,6,34,0,0.793,0.614,0,6,2,0,10,15,290,2,0.387,0,6,0,14,11,17,0,10,26,6,0.648,0.386,0,3,0,1,21,13,182,2,0.401,1,1,1
578,13,2,11,8,10,3,3,32,0,0.784,0.566,0,10,3,0,10,9,241,4,2.153,1,17,5,8,7,12,0,4,37,5,0.681,0.434,0,5,0,0,5,10,185,3,0.657,1,1,1
579,11,2,13,4,10,0,11,31,4,0.71,0.354,0,3,0,0,7,7,193,1,0.219,1,19,3,15,12,5,1,6,38,0,0.812,0.646,0,4,0,0,9,14,352,4,0.401,0,2,2
580,4,4,5,4,11,0,6,34,3,0.564,0.361,0,5,2,0,4,13,149,2,0.093,0,21,3,9,8,9,1,3,35,0,0.75,0.639,0,9,2,0,8,12,264,3,1.159,1,2,2
581,17,6,16,14,10,1,2,29,0,0.872,0.733,0,14,7,0,11,5,337,2,1.483,1,8,0,15,11,15,0,6,31,1,0.602,0.267,0,0,0,0,11,4,123,0,0.0,2,1,1
582,20,2,12,5,9,0,9,32,0,0.714,0.354,0,3,1,0,9,15,196,1,0.099,0,17,0,11,5,6,0,3,35,0,0.838,0.646,0,3,0,0,13,15,357,0,0.064,0,2,0
583,14,1,10,2,10,0,3,28,2,0.799,0.581,0,6,0,0,11,16,284,3,0.474,1,17,0,6,2,12,0,6,40,0,0.649,0.419,0,3,1,0,16,15,205,0,0.141,2,0,0
584,12,2,23,15,11,0,4,32,2,0.718,0.556,0,4,1,0,13,14,245,1,0.293,0,15,1,16,9,13,1,3,37,4,0.653,0.444,0,5,0,0,12,11,196,2,0.54,1,2,2
585,20,1,10,6,9,0,4,41,2,0.698,0.389,0,3,1,0,17,13,199,1,0.044,2,19,3,12,5,5,1,2,33,0,0.827,0.611,0,8,2,0,9,11,313,2,1.167,1,2,2
586,17,1,22,11,13,0,5,25,0,0.857,0.587,0,9,2,1,15,14,301,1,0.278,2,18,1,14,9,11,0,3,37,1,0.726,0.413,0,2,1,0,22,10,212,0,0.085,2,1,0
587,15,2,10,6,19,0,6,37,2,0.744,0.48,0,1,0,0,10,10,215,0,0.032,0,10,2,21,16,9,1,5,35,2,0.755,0.52,0,12,6,0,7,10,233,3,0.914,2,2,2
588,12,4,21,11,9,1,2,21,0,0.796,0.726,0,7,1,0,9,12,294,3,0.972,2,11,3,6,4,11,1,5,28,1,0.586,0.274,0,7,1,0,16,3,111,2,0.765,2,1,0
589,10,1,9,8,22,0,2,42,5,0.527,0.439,0,3,1,0,19,26,203,0,0.761,1,15,4,23,14,9,2,4,49,0,0.695,0.561,0,5,1,0,9,9,259,3,1.349,1,2,2
590,19,4,17,13,7,0,3,32,0,0.86,0.707,0,13,5,1,3,14,335,4,1.568,0,17,0,8,7,16,0,3,31,1,0.712,0.293,0,2,0,0,10,8,139,0,0.076,2,1,0
591,21,2,7,4,8,2,4,36,3,0.843,0.683,0,7,0,0,6,13,300,3,0.881,0,9,2,5,3,15,0,7,24,2,0.647,0.317,0,2,1,0,8,11,139,0,0.083,2,1,1
592,15,5,11,7,10,2,1,35,3,0.758,0.593,0,9,4,0,7,12,240,2,1.186,1,11,1,9,4,11,0,6,39,0,0.642,0.407,0,1,0,0,13,9,165,1,0.028,1,1,1
593,25,8,17,11,7,0,5,35,0,0.831,0.687,0,8,2,0,11,8,344,3,0.192,1,11,0,14,8,14,0,7,31,0,0.694,0.313,0,3,0,0,10,11,157,2,0.152,0,1,0
594,21,3,19,14,8,1,3,41,1,0.802,0.612,0,8,1,0,12,12,273,3,0.907,0,18,3,12,9,11,0,2,34,1,0.688,0.388,0,3,1,0,10,13,173,0,1.083,1,1,1
595,10,3,6,2,12,0,3,38,3,0.582,0.427,0,0,0,0,15,16,201,0,0.0,0,12,2,11,6,7,1,2,33,0,0.763,0.573,0,6,0,0,14,10,270,4,0.53,0,2,2
596,13,8,9,6,10,1,5,24,3,0.828,0.599,0,10,3,0,7,10,267,3,0.73,1,15,3,7,5,14,0,6,36,0,0.709,0.401,0,3,0,0,10,11,179,1,0.236,0,1,1
597,10,2,9,4,11,0,4,28,1,0.692,0.386,0,4,0,0,13,7,159,1,0.201,0,29,5,9,4,10,1,2,44,1,0.767,0.614,0,8,3,0,7,17,253,3,0.309,0,2,2
598,16,4,7,4,14,1,2,45,3,0.583,0.403,0,7,1,0,20,12,168,2,0.575,1,9,3,11,6,15,1,5,33,0,0.731,0.597,0,6,0,0,9,12,249,4,0.603,1,2,0
599,28,7,16,9,5,2,2,34,0,0.844,0.64,0,9,1,1,11,13,334,6,0.791,0,9,3,7,6,10,0,11,33,1,0.681,0.36,0,4,1,0,15,11,188,2,0.745,2,1,1
600,13,4,9,6,7,0,1,31,2,0.749,0.484,0,11,4,0,11,7,191,4,0.974,0,11,4,12,10,14,0,3,35,1,0.716,0.516,0,7,3,0,11,16,204,1,0.338,1,0,0
601,4,4,11,4,11,0,1,18,1,0.872,0.639,0,13,3,0,12,11,329,4,0.569,0,22,1,8,5,9,1,5,50,4,0.737,0.361,0,1,0,0,15,5,186,1,0.152,0,1,2
602,21,8,14,7,1,2,4,37,0,0.851,0.662,0,16,3,0,20,13,376,6,1.537,0,13,1,7,5,10,0,3,31,1,0.708,0.338,0,4,1,0,15,13,192,0,0.078,0,1,1
603,7,1,13,8,10,0,4,23,0,0.753,0.429,0,5,0,0,8,9,243,1,0.385,1,20,4,11,10,7,3,7,37,1,0.849,0.571,0,12,1,0,9,4,324,7,1.961,0,2,2
604,18,3,13,6,9,0,5,46,2,0.739,0.531,0,4,3,0,11,17,268,1,0.171,0,16,0,7,7,12,3,3,36,1,0.755,0.469,0,6,0,1,14,8,237,4,1.145,0,2,2
605,22,6,15,8,6,1,6,45,2,0.758,0.545,0,7,1,0,10,16,244,3,0.552,0,14,2,9,6,15,1,4,33,2,0.755,0.455,0,6,1,0,10,11,204,1,0.456,2,2,0
606,25,1,8,4,9,1,3,46,3,0.791,0.516,0,5,1,0,11,11,253,2,0.225,1,20,0,21,16,10,1,5,44,2,0.776,0.484,0,7,1,0,11,10,237,3,0.202,1,1,0
607,15,3,11,6,11,0,8,42,0,0.667,0.398,0,6,3,0,16,13,213,1,0.19,0,19,2,15,5,5,0,9,27,3,0.835,0.602,0,9,1,0,11,16,322,2,0.451,0,2,0
608,10,1,6,4,13,0,2,32,2,0.659,0.376,0,3,0,0,10,13,176,0,0.458,2,11,2,10,9,8,1,1,31,1,0.753,0.624,0,6,2,0,9,12,292,4,0.24,0,2,2
609,6,1,13,10,12,1,6,22,4,0.768,0.546,0,9,4,0,10,16,267,2,0.865,0,12,3,10,5,7,1,6,46,3,0.676,0.454,0,2,0,0,19,15,222,2,0.869,0,1,0
610,25,3,7,6,4,1,8,44,2,0.824,0.626,0,6,3,1,13,8,353,1,0.614,0,11,1,12,5,10,0,9,33,3,0.664,0.374,0,4,2,0,14,7,211,1,0.099,0,1,1
611,22,0,15,13,9,0,5,32,1,0.874,0.593,0,6,0,0,7,11,350,0,0.185,0,13,2,6,5,10,0,2,41,1,0.725,0.407,0,2,2,0,13,5,240,0,0.072,1,0,0
612,21,4,8,4,7,0,1,41,1,0.76,0.546,0,5,1,0,15,13,292,2,0.206,1,8,0,3,1,11,0,2,28,1,0.774,0.454,0,3,0,0,9,14,243,1,0.143,0,0,0
613,9,2,15,10,6,1,3,26,0,0.739,0.575,0,6,1,0,13,7,238,2,0.906,1,12,1,8,7,16,1,2,36,3,0.659,0.425,0,7,1,0,16,14,176,2,0.903,1,0,0
614,17,2,10,6,8,1,4,51,4,0.608,0.439,0,8,3,0,14,16,222,3,0.301,0,16,4,20,10,4,0,7,27,5,0.75,0.561,0,5,0,0,5,7,284,3,0.11,1,2,1
615,15,6,6,4,9,1,1,34,3,0.738,0.511,0,10,2,0,16,20,225,2,1.083,1,15,3,5,3,9,2,7,30,0,0.772,0.489,0,9,4,0,19,13,215,3,0.716,0,2,2
616,19,3,11,5,10,0,4,32,1,0.802,0.48,0,6,0,0,11,18,248,2,0.208,0,12,1,8,4,8,2,0,35,1,0.81,0.52,0,4,0,0,12,9,269,4,1.163,0,0,2
617,15,1,9,4,6,0,9,42,0,0.649,0.386,0,5,1,0,18,15,188,1,0.093,0,14,1,23,19,8,1,4,32,0,0.803,0.614,0,10,2,0,11,18,299,4,0.632,0,2,2
618,23,2,17,9,7,1,3,42,1,0.779,0.575,1,7,1,0,4,14,235,1,1.181,1,19,3,3,3,7,0,3,50,2,0.644,0.425,0,7,3,0,11,10,174,2,0.533,0,1,1
619,19,4,9,7,7,0,2,55,1,0.682,0.508,0,4,1,0,10,23,267,1,0.198,1,19,3,13,8,5,1,5,32,2,0.78,0.492,0,4,0,0,7,15,259,2,0.823,1,2,2
620,24,6,26,18,7,0,5,40,1,0.831,0.65,0,14,0,0,5,13,325,7,1.51,0,12,0,6,3,8,0,7,37,2,0.669,0.35,0,2,1,0,12,11,175,0,0.053,0,0,0
621,26,5,6,4,7,0,5,50,2,0.702,0.654,0,8,1,0,10,16,225,2,0.385,1,9,0,7,5,11,1,5,33,5,0.538,0.346,0,5,2,0,10,7,119,2,0.639,3,1,2
622,17,2,13,9,11,1,5,40,3,0.79,0.622,0,4,1,0,4,17,291,2,0.457,1,21,4,10,7,7,2,3,47,0,0.638,0.378,0,7,1,0,9,13,177,3,1.518,0,1,2
623,16,2,17,12,10,1,3,35,4,0.803,0.532,0,9,2,1,9,11,300,4,1.029,0,14,1,7,3,8,0,2,38,0,0.712,0.468,0,3,0,0,13,10,264,1,0.211,2,1,1
624,13,2,13,10,6,3,2,34,2,0.748,0.561,0,7,0,0,13,15,266,3,1.729,0,18,4,17,8,5,0,1,46,4,0.678,0.439,0,4,0,0,16,9,208,1,0.1,0,1,1
625,25,4,11,6,8,0,4,54,0,0.68,0.466,0,9,3,0,15,13,219,3,0.831,0,12,0,8,6,5,0,1,36,0,0.797,0.534,0,4,1,0,12,18,251,0,0.306,0,0,0
626,4,2,8,4,8,0,6,32,0,0.722,0.458,0,5,1,0,10,12,245,2,0.568,0,25,4,21,18,12,1,5,39,0,0.755,0.542,0,5,1,0,15,14,290,3,1.095,0,2,2
627,12,3,18,11,9,2,1,24,0,0.786,0.611,0,14,3,1,11,7,262,5,1.488,1,13,1,12,6,14,0,5,40,3,0.683,0.389,0,2,1,0,14,7,167,1,0.024,1,1,1
628,26,3,21,14,7,2,5,43,2,0.851,0.699,0,8,1,1,12,16,356,6,0.728,0,11,1,4,4,6,1,8,35,1,0.627,0.301,0,6,3,1,10,11,153,1,0.529,1,1,1
629,15,3,4,2,13,1,2,37,2,0.706,0.426,0,4,2,0,11,14,197,1,0.9,1,11,3,11,7,9,1,0,36,0,0.762,0.574,0,6,2,1,5,15,265,1,0.266,1,0,0
630,17,4,6,5,9,0,4,40,2,0.645,0.404,0,5,0,0,11,10,203,3,0.488,0,14,1,13,8,5,0,2,37,1,0.723,0.596,0,5,1,0,8,15,300,0,0.609,0,0,0
631,15,1,7,5,7,0,13,32,1,0.752,0.307,0,3,1,0,11,6,157,0,0.362,1,33,3,11,4,6,1,2,47,1,0.847,0.693,0,7,2,0,7,12,354,2,0.612,2,2,2
632,12,4,6,3,6,2,9,26,0,0.843,0.479,0,10,4,0,8,9,268,4,0.621,0,12,4,8,7,9,0,10,23,1,0.873,0.521,0,12,2,0,11,4,291,4,0.551,0,1,1
633,14,6,9,6,6,1,4,32,1,0.816,0.462,0,6,3,0,14,6,250,3,0.927,1,27,2,9,2,7,2,5,34,0,0.911,0.538,0,9,3,0,8,8,291,3,0.867,1,2,2
634,9,1,8,3,6,1,3,21,0,0.867,0.615,0,4,1,0,5,12,300,2,0.739,0,11,1,7,3,7,1,5,27,0,0.809,0.385,0,4,1,0,14,5,188,2,0.251,0,0,0
635,10,1,13,6,7,0,11,19,2,0.88,0.649,0,6,1,0,13,13,351,1,0.353,0,13,2,14,8,8,1,10,28,1,0.758,0.351,0,1,0,0,7,13,190,1,0.182,0,0,2
636,19,3,8,4,6,0,4,27,1,0.865,0.534,0,3,0,0,5,9,288,2,0.17,2,8,1,4,2,9,0,5,28,2,0.865,0.466,0,3,1,0,9,4,251,2,0.484,1,1,0
637,13,3,1,0,2,1,0,24,0,0.824,0.508,0,6,2,0,2,11,295,2,0.428,0,15,0,2,2,3,1,5,27,1,0.864,0.492,0,5,0,0,8,12,286,2,0.314,0,0,0
638,11,0,9,4,10,1,2,22,2,0.764,0.286,0,2,0,0,5,8,157,0,0.137,0,19,6,2,1,7,1,3,30,1,0.895,0.714,0,11,2,0,6,8,392,4,1.101,0,0,0
639,21,0,2,2,7,1,3,29,0,0.878,0.492,0,4,1,0,6,5,294,1,0.139,0,18,1,8,6,5,0,11,30,3,0.884,0.508,0,8,2,0,6,5,303,1,0.367,1,1,1
640,15,2,12,5,6,0,6,20,1,0.91,0.542,0,12,5,1,5,7,332,2,0.489,0,17,0,8,6,8,0,10,30,0,0.839,0.458,0,1,0,0,18,7,280,0,0.073,1,0,0
641,33,1,7,4,5,0,12,44,1,0.9,0.737,0,8,2,1,10,12,421,2,0.908,1,9,1,3,2,5,1,8,19,0,0.76,0.263,0,4,1,0,9,9,150,2,0.304,1,0,2
642,21,0,12,11,4,1,7,31,2,0.902,0.703,0,6,2,0,5,9,388,2,0.202,1,16,3,3,2,5,1,10,36,1,0.689,0.297,0,3,0,0,7,6,164,2,0.176,1,1,0
643,8,2,3,1,6,0,10,19,1,0.776,0.409,0,5,3,0,5,7,192,1,0.19,0,20,5,4,1,7,1,13,34,1,0.849,0.591,0,6,0,0,4,3,278,2,0.845,0,2,2
644,8,0,7,2,3,0,5,24,0,0.83,0.375,0,0,0,0,9,3,235,0,0.0,0,19,1,13,6,5,0,5,24,1,0.903,0.625,0,7,2,0,7,15,392,3,0.496,0,2,0
645,15,2,5,3,6,0,9,26,0,0.822,0.468,0,1,0,0,8,10,236,1,0.043,0,14,8,10,5,6,1,4,30,0,0.806,0.532,0,13,4,0,8,10,268,3,1.29,0,2,2
646,6,1,5,1,10,1,9,21,0,0.782,0.317,0,3,1,0,11,7,179,2,0.323,0,22,1,14,7,9,0,1,24,0,0.906,0.683,0,7,1,0,10,5,385,1,0.801,1,0,1
647,21,2,6,3,8,0,1,35,1,0.89,0.592,0,4,1,1,6,8,283,0,0.666,0,22,2,2,0,9,0,4,36,0,0.81,0.408,0,5,2,0,8,6,195,1,0.373,0,0,0
648,10,4,7,5,6,2,11,18,1,0.877,0.619,0,10,2,0,7,6,326,5,1.974,1,19,0,9,7,5,0,8,25,1,0.816,0.381,0,3,1,0,6,14,201,0,0.246,0,1,1
649,16,0,7,4,6,1,12,35,1,0.838,0.477,0,9,2,0,10,8,271,3,1.109,0,20,2,9,5,6,0,6,31,0,0.855,0.523,0,1,0,0,8,17,297,1,0.11,0,2,1
650,19,1,7,3,3,0,14,37,2,0.853,0.584,0,4,1,1,4,9,293,1,0.238,0,13,0,8,6,4,0,5,28,1,0.818,0.416,0,2,1,0,7,7,209,0,0.077,1,1,0
651,19,3,8,4,2,0,4,30,1,0.878,0.595,0,10,4,0,6,12,361,3,0.893,0,16,1,4,2,2,0,11,23,1,0.829,0.405,0,4,1,0,13,2,246,2,0.417,0,1,0
652,13,3,9,4,8,0,3,15,1,0.874,0.531,0,7,3,0,6,4,278,0,0.35,1,15,3,3,0,7,1,12,24,0,0.862,0.469,0,5,1,0,8,11,246,1,0.373,1,0,2
653,20,6,6,3,1,0,13,43,1,0.76,0.555,0,5,1,0,7,14,258,0,0.894,0,14,2,7,4,8,0,2,29,0,0.739,0.445,0,5,1,0,11,8,207,1,0.406,0,2,0
654,18,1,3,3,6,0,5,30,0,0.779,0.39,0,7,4,0,6,8,172,1,0.313,2,18,7,8,5,7,1,6,34,1,0.796,0.61,0,5,0,0,2,12,269,3,0.46,0,2,2
655,12,1,6,5,7,0,7,32,2,0.667,0.312,0,4,0,0,12,9,153,1,0.278,1,18,2,10,4,8,1,1,39,0,0.828,0.688,0,3,0,0,2,14,337,1,0.101,0,2,2
656,9,2,10,7,10,0,1,20,0,0.822,0.398,0,2,0,0,7,11,230,1,0.063,1,27,2,7,5,2,0,1,34,1,0.905,0.602,0,3,1,0,6,6,348,0,0.254,0,1,0
657,13,2,4,1,2,1,1,27,2,0.828,0.366,0,3,1,0,4,6,186,1,1.064,0,20,3,7,4,7,2,4,27,1,0.891,0.634,0,9,2,0,6,5,322,5,0.773,0,2,2
658,20,2,6,5,8,1,3,28,1,0.907,0.649,0,10,2,0,4,10,312,3,1.282,0,15,1,3,2,9,0,4,31,0,0.799,0.351,0,2,0,0,8,6,169,1,0.082,0,1,1
659,16,3,9,4,4,1,6,29,2,0.884,0.524,0,7,3,0,5,3,311,1,1.302,0,24,1,4,4,6,0,3,37,1,0.851,0.476,0,1,0,0,11,9,282,0,0.012,0,1,1
660,28,4,3,2,10,0,2,41,0,0.838,0.568,0,7,5,0,4,8,277,1,0.342,0,23,2,6,5,5,1,8,44,0,0.787,0.432,0,6,0,0,6,12,211,2,1.383,0,2,2
661,12,0,6,3,7,1,5,24,0,0.9,0.505,0,7,0,0,13,3,329,4,1.129,0,12,1,10,3,11,1,10,20,1,0.913,0.495,0,4,0,0,6,5,322,2,1.045,2,0,0
662,17,5,10,5,6,1,5,25,0,0.876,0.786,0,6,1,0,12,12,412,2,0.976,0,11,1,11,4,6,0,13,28,1,0.634,0.214,0,4,0,1,19,9,112,1,0.428,1,0,1
663,13,2,2,1,5,0,10,35,0,0.8,0.489,0,4,0,0,7,11,215,1,0.555,1,18,2,3,3,6,1,6,36,2,0.764,0.511,0,6,1,0,4,9,225,1,1.52,0,0,2
664,17,2,8,3,9,1,7,29,0,0.836,0.602,0,4,1,0,12,11,298,3,0.396,0,14,0,9,2,8,1,5,28,0,0.787,0.398,0,2,0,0,16,17,197,1,0.376,1,1,0
665,22,0,4,0,2,0,23,43,2,0.745,0.334,0,0,0,0,7,6,192,0,0.0,0,19,3,8,4,4,0,8,29,0,0.875,0.666,0,14,3,0,4,23,383,3,0.718,0,2,0
666,8,0,2,1,8,0,7,23,3,0.8,0.359,0,1,0,1,7,12,200,0,0.063,0,22,1,8,7,7,0,9,30,0,0.902,0.641,0,5,1,0,6,5,357,1,0.527,0,0,0
667,15,2,9,3,7,0,6,22,1,0.843,0.459,0,6,2,1,11,8,255,0,0.318,0,17,4,8,5,6,1,7,30,1,0.844,0.541,0,6,1,0,15,3,301,2,0.981,0,2,2
668,21,4,6,4,2,0,12,36,3,0.769,0.299,0,4,2,0,11,5,169,0,0.195,0,19,3,2,0,4,1,3,29,0,0.886,0.701,0,3,1,0,5,10,396,1,0.19,0,0,2
669,6,2,2,1,7,0,10,17,0,0.883,0.469,0,5,3,0,8,3,291,1,0.185,0,15,0,8,6,2,1,10,23,2,0.884,0.531,0,5,2,0,5,13,329,2,0.643,0,2,2
670,15,6,4,3,4,0,7,33,1,0.733,0.52,0,7,2,0,11,11,236,2,0.635,0,21,3,10,3,6,2,16,38,0,0.784,0.48,0,7,1,0,7,12,218,4,0.745,0,2,2
671,20,0,7,3,9,1,2,34,1,0.807,0.503,0,6,3,0,10,9,269,1,1.752,1,15,0,4,3,9,0,7,34,0,0.835,0.497,0,2,1,0,5,5,266,0,0.082,1,1,1
672,21,0,6,4,7,0,5,27,0,0.847,0.602,0,7,3,0,7,10,327,0,0.342,1,17,1,12,9,6,1,10,34,0,0.801,0.398,0,8,4,0,5,7,216,1,0.211,1,2,2
673,30,5,4,1,3,0,2,37,1,0.902,0.836,0,9,2,0,4,6,470,3,1.016,0,6,1,4,1,9,0,15,18,0,0.62,0.164,0,3,1,0,2,6,92,0,0.23,0,0,0
674,16,2,10,8,2,0,11,36,0,0.737,0.505,0,6,4,0,10,15,232,1,0.377,0,22,5,6,3,3,1,11,41,1,0.736,0.495,0,4,0,0,6,16,227,2,0.122,0,2,2
675,24,3,10,5,5,1,15,31,1,0.835,0.418,0,2,0,0,11,9,248,1,0.171,0,26,0,4,1,6,0,6,30,1,0.89,0.582,0,6,2,0,9,7,345,0,0.484,1,1,1
676,14,0,5,4,7,0,11,28,0,0.732,0.333,0,1,0,0,14,8,168,1,0.03,0,20,2,8,8,9,0,10,27,1,0.86,0.667,0,5,0,0,16,13,336,2,1.074,1,2,0
677,16,6,4,1,7,0,7,25,0,0.837,0.628,0,12,3,0,6,7,295,4,0.593,0,11,0,2,0,4,0,7,31,0,0.703,0.372,0,0,0,0,10,12,175,0,0.0,1,2,0
678,12,0,4,0,8,0,11,31,1,0.693,0.34,0,0,0,0,10,14,163,0,0.0,0,12,4,6,2,7,2,7,17,0,0.873,0.66,0,13,3,1,4,12,316,6,1.905,1,2,2
679,13,2,5,4,9,1,5,35,0,0.571,0.354,0,1,0,0,8,16,147,1,0.216,1,13,8,3,1,6,0,6,37,0,0.72,0.646,0,6,2,2,7,12,268,1,0.676,0,1,1
680,12,1,11,8,3,2,9,20,0,0.878,0.665,0,7,1,0,5,13,395,3,1.372,0,18,2,2,2,4,0,5,36,0,0.734,0.335,0,2,0,0,10,10,199,1,0.183,0,1,1
681,15,1,2,1,2,0,5,31,0,0.754,0.293,0,2,1,0,6,3,142,1,0.229,0,13,7,8,3,4,0,3,28,0,0.86,0.707,0,11,5,0,3,10,343,1,0.721,1,0,0
