id,player_name,games,time,goals,xG,assists,xA,shots,key_passes,yellow_cards,red_cards,position,team_title,npg,npxG,xGChain,xGBuildup
1250,Mohamed Salah,20,1786,16,15.608175069093704,9,6.22314802929759,80,40,1,0,F,Liverpool,14,13.32466857135296,22.21259716153145,7.717494197189808
6854,Diogo Jota,20,1487,10,12.501362554728985,1,3.721017401665449,58,23,1,0,F S,Liverpool,10,12.501362554728985,18.975039415061477,5.526300131343305
755,Jamie Vardy,16,1325,9,6.063936270773411,1,1.183594960719347,36,14,2,0,F S,Leicester,9,6.063936270773411,7.677956260740757,1.25945988856256
453,Son Heung-Min,17,1499,8,6.958429858088493,3,3.3822450675070286,44,33,0,0,F M,Tottenham,8,6.958429858088493,11.58835968375206,3.5982557721436024
531,Michail Antonio,22,1932,8,9.544685870409012,6,4.611624114215374,57,36,4,1,F S,West Ham,8,8.783516973257065,16.199459329247475,6.068427070975304
838,Sadio Mané,20,1713,8,10.503094624727964,1,3.385883605107665,61,20,2,0,F S,Liverpool,8,10.503094624727964,18.285370528697968,7.227718977257609
2371,Cristiano Ronaldo,18,1463,8,10.273448452353476,3,1.7617013975977898,63,14,4,0,F S,Manchester United,6,8.751110836863518,13.6921858638525,4.691224986687303
7230,Emile Smith-Rowe,18,1208,8,3.4808948393911123,2,2.218204578384757,25,20,0,0,M S,Arsenal,8,3.4808948393911123,6.609001308679581,2.395720422267914
8026,Raphinha,19,1632,8,5.512669570744038,2,4.182256747037172,58,38,4,0,F M,Leeds,5,3.229163026437164,8.478245869278908,3.452100803144276
9301,Emmanuel Dennis,19,1487,8,3.653402281925082,5,3.142170142382384,37,21,6,1,F M S,Watford,8,3.653402281925082,7.535764846019447,1.769739936105907
618,Raheem Sterling,19,1232,7,8.345070468261838,1,3.1064493879675865,37,25,0,0,F M S,Manchester City,5,6.822732778266072,12.010247886180878,4.739501483738422
1228,Bruno Fernandes,21,1786,7,4.257174642756581,5,5.958814577199519,45,56,6,0,M S,Manchester United,7,3.496005805209279,14.356560230255129,6.984495230019093
3621,Neal Maupay,19,1405,7,6.036237042397261,1,1.5493844375014303,36,15,4,0,F S,Brighton,6,5.275068175047636,8.139676794409752,2.082597767934203
3635,Bernardo Silva,22,1894,7,5.351856712251902,1,4.846925700083375,27,36,5,0,F M,Manchester City,7,5.351856712251902,17.709022596478462,9.35109855607152
7768,Mason Mount,20,1343,7,5.075439341366291,5,4.243551257997751,39,30,2,0,F M S,Chelsea,6,4.314270563423634,9.409818977117538,3.449381936341524
9040,Conor Gallagher,18,1582,7,5.880581872537732,3,3.764075346291065,35,32,4,0,M,Crystal Palace,7,5.880581872537732,10.82157865166664,3.720407783985138
447,Kevin De Bruyne,17,1098,6,2.7044553328305483,2,4.973592057824135,44,41,0,0,M S,Manchester City,6,2.7044553328305483,8.742497932165861,4.561790341511369
468,Callum Wilson,15,1201,6,5.126593586988747,0,0.4431503433734178,27,8,4,0,F S,Newcastle United,5,4.365424727089703,3.799769224599004,0.6096092024818063
750,Riyad Mahrez,16,823,6,5.302895089611411,4,3.1927004428580403,33,27,0,0,F M S,Manchester City,4,3.780557347461581,9.497826043516396,3.99832377396524
843,James Ward-Prowse,20,1782,6,3.1792855728417635,2,2.420349944382906,29,36,3,1,M,Southampton,3,0.8957790341228247,5.741810668259859,4.702713588252664
998,Ivan Toney,21,1890,6,5.148285511881113,2,4.162576383911073,50,24,5,0,F,Brentford,4,3.625984642654658,6.587357798591256,1.265816387720406
1389,Jorginho,19,1454,6,5.11241952329874,1,2.0911897979676723,13,14,3,0,M S,Chelsea,0,0.5454064756631851,10.49037229269743,9.699554778635502
1776,Jarrod Bowen,23,1962,6,9.44491384923458,7,4.293524695560336,57,29,2,0,F M S,West Ham,6,9.44491384923458,15.379292089492084,3.9981503365561366
3278,Maxwel Cornet,10,623,6,1.617438644170761,0,0.5860527213662863,17,5,2,0,F M S,Burnley,6,1.617438644170761,3.1468030139803886,1.623943064361811
6818,James Maddison,19,1277,6,3.585957301780581,3,2.565457805991173,39,20,2,0,F M S,Leicester,6,3.585957301780581,7.691667962819338,3.0046415999531746
7322,Bukayo Saka,20,1508,6,5.060035768896341,4,4.158592641353607,42,32,3,0,M S,Arsenal,6,5.060035768896341,10.8730106074363,4.311633080244064
101,Allan Saint-Maximin,21,1812,5,3.8022785298526287,3,3.5722819697111845,43,32,3,0,F M S,Newcastle United,5,3.8022785298526287,9.53871571458876,2.3744339984841645
465,Joshua King,18,1448,5,6.763522081077099,3,2.849823854863644,38,26,3,0,F M S,Watford,4,6.002353273332119,8.228177199140191,0.8625280661508441
522,Wilfried Zaha,17,1392,5,3.787063708528876,1,2.8528163991868496,28,22,3,1,F M S,Crystal Palace,3,2.264725986868143,7.282968319952488,2.6852771900594234
594,Romelu Lukaku,15,988,5,4.633884217590094,0,2.356433991342783,25,16,0,0,F S,Chelsea,5,4.633884217590094,8.506383150815964,3.004119198769331
647,Harry Kane,18,1519,5,8.292831730097532,2,3.640405915677548,60,16,3,0,F M S,Tottenham,4,7.531662952154875,12.505088120698929,2.838278202340007
762,Demarai Gray,19,1534,5,3.2441350910812616,2,2.2094181180000305,42,26,3,0,F M S,Everton,5,3.2441350910812616,6.808366255834699,2.152801424264908
2335,Pablo Fornals,21,1617,5,3.179530568420887,2,3.9098480343818665,29,28,3,0,M S,West Ham,5,3.179530568420887,11.726521648466589,5.79364744015038
3585,Said Benrahma,20,1478,5,3.693391740322113,4,3.2042170017957687,43,21,0,0,F M S,West Ham,5,3.693391740322113,9.293101031333208,3.028942249715328
3697,Odsonne Edouard,18,1114,5,5.645562145859003,4,1.5659492742270231,33,15,1,0,F M S,Crystal Palace,4,4.884393248707056,7.796434756368399,1.5932310298085213
5675,Ismaila Sarr,12,1039,5,3.506289262324572,0,1.1350580602884293,27,11,1,0,F M,Watford,5,2.7451204247772694,4.373906381428242,1.1853626789525151
5956,Youri Tielemans,15,1265,5,2.790942955762148,2,2.7740789353847504,32,23,1,0,M S,Leicester,4,2.0297740884125237,7.8574386686086655,3.960590224713087
6055,Phil Foden,15,1096,5,4.620589539408684,3,4.591229896992445,31,25,0,0,F S,Manchester City,5,4.620589539408684,11.25799135863781,4.082022529095411
7490,Mason Greenwood,18,1305,5,4.480730783194304,1,1.329086773097515,48,17,1,0,F M S,Manchester United,5,4.480730783194304,6.188843723386526,1.746659392490983
7696,Teemu Pukki,21,1838,5,5.112131383270025,1,1.621740398928523,31,14,3,0,F,Norwich,3,3.589830469340086,5.189737159758806,0.2137857126072049
8384,Armando Broja,18,973,5,3.713288271799684,0,0.1280621401965618,23,2,1,0,F S,Southampton,5,3.713288271799684,3.560866529121995,0.6412949049845338
8865,Ollie Watkins,18,1533,5,6.436476740986109,1,0.8949778378009796,39,15,3,0,F S,Aston Villa,5,6.436476740986109,9.501204926520586,2.9229245968163013
314,Ilkay Gündogan,15,1069,4,6.1912258714437485,3,2.949210638180375,31,24,1,0,M S,Manchester City,4,6.1912258714437485,12.697225008159876,4.7147685289382935
318,Pierre-Emerick Aubameyang,14,1047,4,6.893220115453005,1,0.8014161214232445,34,9,3,0,F S,Arsenal,4,5.370882365852594,5.4393598940223455,0.963660548441112
482,Roberto Firmino,12,508,4,3.7203072383999833,3,1.472150744870305,15,11,0,0,F S,Liverpool,4,3.7203072383999833,8.214826576411724,3.980496563017368
535,Manuel Lanzini,17,853,4,2.011451417580247,1,1.7247340083122251,10,15,1,0,M S,West Ham,2,0.48911371268332,5.280083771795034,5.097920753061771
556,Marcus Rashford,13,653,4,2.4264124035835266,1,1.3154741376638412,15,6,1,0,F M S,Manchester United,4,2.4264124035835266,5.067779192700982,1.556354517117143
606,Christian Benteke,20,1061,4,4.719367414712906,1,1.6455406285822392,38,13,3,0,F S,Crystal Palace,4,4.719367414712906,6.482015427201986,1.2350080097094178
986,Danny Ings,16,1135,4,2.9362498708069324,2,0.2188359797000885,21,4,2,0,F S,Aston Villa,3,2.17508103325963,3.2011489924043417,1.1934218183159828
2517,Martin Odegaard,18,1226,4,1.2858720123767853,3,3.362564582377672,19,30,2,0,M S,Arsenal,4,1.2858720123767853,8.384983953088522,5.524210385046899
4105,Raúl Jiménez,19,1563,4,4.487540322355926,2,2.099011369049549,35,25,4,1,F S,Wolverhampton Wanderers,3,3.726371484808624,6.852197635918856,1.864657456986606
6026,Richarlison,13,1013,4,2.5107030337676406,2,2.033296797424555,23,13,5,0,F M S,Everton,4,2.5107030337676406,5.353196457028389,2.064238809049129
7698,Leandro Trossard,20,1664,4,4.082470057532191,1,1.796554446220398,49,25,1,0,F M S,Brighton,3,3.321301205083728,7.015661790966988,2.882910383865237
7700,Che Adams,16,1026,4,2.5640785172581677,1,1.4322864897549152,23,11,0,0,F M S,Southampton,4,2.5640785172581677,3.629703469574451,0.3249302040785551
7752,Gabriel Martinelli,13,783,4,4.245867621153593,2,1.7879327088594437,23,16,1,0,F M S,Arsenal,4,4.245867621153593,5.7201687432825565,1.0453782733529806
8067,Reece James,16,1114,4,1.8819010388106108,5,3.712312541902065,21,31,4,1,D M S,Chelsea,4,1.8819010388106108,9.492686381563544,6.434538744390011
8379,Alexis Mac Allister,16,740,4,2.860665029846132,2,1.1267702747136354,24,15,1,0,M S,Brighton,3,2.0994961922988296,4.538905672729015,2.3894543247297406
8720,Jack Harrison,18,1357,4,3.0838511493057013,1,1.7552882973104715,22,24,2,0,F M S,Leeds,4,3.0838511493057013,4.419005449861288,1.8539388552308085
8845,Hee-Chan Hwang,14,983,4,2.3968340400606394,0,0.8159827785566449,9,7,1,0,F M S,Wolverhampton Wanderers,4,2.3968340400606394,5.018234342336655,2.184372266754508
775,Andros Townsend,17,1335,3,2.146623596549034,2,2.849117286503315,18,31,3,0,F M S,Everton,2,1.3854547664523125,5.22294907271862,2.704090593382716
782,Ben Chilwell,6,540,3,1.298326052725315,1,0.8330149557441473,13,10,0,0,D M,Chelsea,3,1.298326052725315,3.937902458012104,2.8827292025089264
2496,Rodri,19,1658,3,1.1085276529192924,1,0.9461587630212308,21,16,5,0,M,Manchester City,3,1.1085276529192924,15.308350414037704,13.848504960536957
2498,Aymeric Laporte,19,1641,3,2.6903820000588894,0,0.2471596281975507,26,4,5,1,D,Manchester City,3,2.6903820000588894,11.625324334949257,11.42369638197124
2662,Christian Pulisic,12,748,3,3.265300936996937,0,0.4240337293595075,12,8,1,0,D F M S,Chelsea,3,3.265300936996937,4.596597364172339,1.0486329421401024
3277,Alexandre Lacazette,15,872,3,4.182641874998808,3,1.2645069807767868,14,14,0,0,F M S,Arsenal,2,2.660304140299558,5.175618544220924,2.244723152369261
4456,Chris Wood,19,1583,3,5.414190609008074,0,0.5358477300032973,36,11,1,0,F,"Burnley,Newcastle United",3,5.414190609008074,5.1427919305861,1.621974065899849
5555,Dominic Calvert-Lewin,6,523,3,4.71835707500577,0,0.2561210617423057,18,5,1,0,F,Everton,1,2.4348873533308506,2.615019988268614,0.156407780945301
5556,Ademola Lookman,13,813,3,2.186232566833496,0,0.8606500141322613,12,12,1,0,F M S,Leicester,3,2.186232566833496,6.6936947628855705,4.068583406507969
5786,Yoane Wissa,15,439,3,0.9030795218423008,0,0.1650449112057685,9,3,0,0,F S,Brentford,3,0.9030795218423008,0.976426938548684,0.0707931667566299
6042,Jan Bednarek,17,1419,3,2.063798863440752,0,0.2011005654931068,10,3,5,0,D S,Southampton,3,2.063798863440752,3.783786842599511,3.557592080906033
6552,Bryan Mbeumo,20,1680,3,5.806849926710129,3,1.5277504716068506,40,18,2,0,F,Brentford,2,5.045681059360504,9.302714647725224,3.753529485315085
7723,John McGinn,18,1569,3,0.6551090776920319,2,3.165619383566081,23,29,5,0,M,Aston Villa,3,0.6551090776920319,6.048300785943866,3.3812703508883715
8288,Tomas Soucek,21,1880,3,3.4109140671789646,1,1.1846681237220764,30,12,2,0,M,West Ham,3,3.4109140671789646,5.811513360589743,3.314078025519848
8941,Jacob Ramsey,19,1260,3,1.781008556485176,1,1.4154308922588823,19,11,3,0,F M S,Aston Villa,3,1.781008556485176,5.687974486500025,2.8049587048590183
9738,Patson Daka,8,352,3,2.9658545330166817,3,1.4196810126304626,11,6,0,0,F S,Leicester,3,2.9658545330166817,4.873181216418743,1.4441380258649588
343,Pierre-Emile Højbjerg,18,1611,2,2.186291830614209,1,0.7724079005420208,20,11,1,0,M,Tottenham,2,2.186291830614209,10.13567791134119,7.47393836826086
484,Divock Origi,3,27,2,0.797816552221775,0,0.0,5,0,0,0,S,Liverpool,2,0.797816552221775,0.859704926609993,0.0618883669376373
501,Danny Welbeck,8,370,2,1.04405090585351,0,0.202304471284151,10,3,0,0,F M S,Brighton,2,1.04405090585351,1.319974947720766,0.170015400275588
558,Jesse Lingard,9,73,2,0.5119635220617056,0,0.0710409414023161,4,2,0,0,S,Manchester United,2,0.5119635220617056,0.6898438557982445,0.1338207200169563
605,Jordan Henderson,19,1494,2,0.8708809148520231,3,2.7482198122888803,18,23,2,0,M S,Liverpool,2,0.8708809148520231,11.156022112816572,8.196084726601839
620,Kelechi Iheanacho,14,572,2,2.008420269936323,4,2.1163385026156902,15,11,0,0,F S,Leicester,2,2.008420269936323,5.085203098133206,1.3089868687093258
675,Jack Grealish,16,1266,2,4.593889966607094,2,2.860423964448273,30,34,1,0,F M S,Manchester City,2,4.593889966607094,12.502374656498432,6.407995983958244
751,N&#039;Golo Kanté,14,950,2,0.8690819460898638,2,1.0380684090778232,9,8,1,0,M S,Chelsea,2,0.8690819460898638,5.604625787585974,3.760637816041708
757,Jeffrey Schlupp,16,659,2,1.4155598934739828,1,1.349190179258585,17,8,0,0,F M S,Crystal Palace,2,1.4155598934739828,3.528456676751375,1.1302688717842102
769,Jonjo Shelvey,13,997,2,0.4515645280480385,0,0.3934127576649189,18,11,3,1,M S,Newcastle United,2,0.4515645280480385,1.7224387405440211,1.222066699527204
822,Patrick Bamford,6,457,2,2.418504185974598,2,0.39914455357939,16,3,2,0,F S,Leeds,2,2.418504185974598,2.5039670076221228,0.4154012054204941
1078,Sergi Canos,22,1687,2,2.6200957000255585,2,1.4822645522654057,26,11,5,0,D F M S,Brentford,2,2.6200957000255585,4.685471273958683,1.4662746712565422
1654,Ben Mee,13,1170,2,2.042051743716001,0,0.0254189576953649,11,2,3,0,D,Burnley,2,2.042051743716001,1.3623542580753565,1.349588860757649
1726,Abdoulaye Doucouré,16,1419,2,1.7508166581392288,4,1.642215533182025,24,11,4,0,M,Everton,2,1.7508166581392288,5.766390120610595,2.701786307618022
1791,Trent Alexander-Arnold,19,1686,2,1.5154880434274671,10,8.76672484818846,34,58,1,0,D,Liverpool,2,1.5154880434274671,14.645602747797966,7.836260318756103
1822,Antonio Rüdiger,22,1980,2,1.688492489978671,0,0.7046160791069269,27,11,5,0,D,Chelsea,2,1.688492489978671,11.837437560781837,11.118953071534634
2203,Emiliano Buendía,19,1258,2,1.6692818943411112,3,2.4442235231399536,25,26,1,0,F M S,Aston Villa,2,1.6692818943411112,5.642569737508893,3.198835387825966
2254,Mateo Kovacic,15,1032,2,1.3848788533359766,5,2.9208442959934477,16,16,3,0,M S,Chelsea,2,1.3848788533359766,9.01477213948965,6.980228327214718
2381,Rodrigo,14,1016,2,2.728224515914917,0,1.8152784928679464,26,20,5,0,F M S,Leeds,1,1.967055656015873,6.018733020871878,2.827580377459526
3288,Thiago Silva,19,1541,2,0.7682493887841702,0,0.1812903899699449,10,4,1,0,D S,Chelsea,2,0.7682493887841702,10.736887194681913,10.593155801761895
3293,Lucas Moura,18,1313,2,2.946602486073971,3,3.463083155453205,30,24,2,0,F M S,Tottenham,2,2.946602486073971,8.494139224290848,4.02034998126328
3294,Edinson Cavani,10,521,2,2.69224539026618,1,1.0626687463372946,14,3,0,0,F S,Manchester United,2,2.69224539026618,3.5397602021694183,0.4954893914982676
3420,Fabinho,15,1260,2,1.233404252678156,1,0.7518262900412083,10,13,4,0,M S,Liverpool,2,1.233404252678156,6.56173693202436,6.0732296127825975
3422,João Moutinho,21,1760,2,0.7418876057490706,1,2.0555152371525764,13,26,2,0,M S,Wolverhampton Wanderers,2,0.7418876057490706,6.0588030852377415,4.737370256334543
3491,Romain Saiss,19,1668,2,2.67127847392112,0,0.2105167862027883,13,3,3,0,D,Wolverhampton Wanderers,2,2.67127847392112,4.2109838258475065,4.059747921302915
4419,Adam Armstrong,18,1196,2,4.066641267389059,2,1.624623842537403,43,13,1,0,F S,Southampton,2,4.066641267389059,5.965230625122786,0.6754391770809889
5220,Kai Havertz,16,962,2,3.862804491072893,1,1.2137100249528885,27,4,0,0,F M S,Chelsea,2,3.862804491072893,7.945609346032143,3.2716057747602463
5247,Naby Keita,11,527,2,0.8459738530218601,1,1.143466267734766,15,7,1,0,M S,Liverpool,2,0.8459738530218601,4.639570701867342,3.147466816008091
5543,Gabriel Jesus,19,1333,2,5.141317911446095,7,4.017523150891066,41,26,0,0,F S,Manchester City,2,5.141317911446095,11.84356962516904,4.253144357353449
5595,Daniel James,19,1393,2,4.671160653233528,1,2.105831976979971,38,15,2,0,F M S,"Leeds,Manchester United",2,4.671160653233528,6.407977677881718,0.6393523514270782
5613,Gabriel,17,1483,2,1.2707946132868528,0,0.063630573451519,14,2,2,1,D,Arsenal,2,1.2707946132868528,5.187143166549504,5.095522065646946
6249,Davinson Sánchez,13,1016,2,1.923772145062685,0,0.1723331529647112,11,3,3,0,D S,Tottenham,2,1.923772145062685,4.181524073705077,3.9964355565607543
6441,Ferrán Torres,4,308,2,2.512166380882263,1,0.0216444358229637,13,1,0,0,F,Manchester City,2,2.512166380882263,2.4304773956537247,1.177093531936407
6615,Trevoh Chalobah,14,919,2,0.6108458805829287,0,0.0463199988007545,4,1,1,0,D M S,Chelsea,2,0.6108458805829287,3.975093960762024,3.95492234826088
6681,Harvey Barnes,15,1063,2,2.393445048481226,3,1.6428645215928557,28,13,2,0,F M S,Leicester,2,2.393445048481226,5.672592364251614,2.242656357586384
6817,Fred,18,1444,2,0.3907703999429941,3,1.97369500156492,9,19,4,0,M S,Manchester United,2,0.3907703999429941,5.394273027777672,3.803057269193232
6851,Conor Coady,21,1888,2,1.6233604941517117,0,0.0,7,0,1,0,D,Wolverhampton Wanderers,2,1.6233604941517117,3.280251832678914,3.280251832678914
6853,Rúben Neves,19,1531,2,0.6016879063099623,1,1.556214226409793,23,15,7,0,M S,Wolverhampton Wanderers,2,0.6016879063099623,5.195674180053175,4.101133896037936
6894,Mohamed Elyounoussi,15,949,2,3.325837679207325,0,0.7443209234625101,25,10,3,0,M S,Southampton,2,3.325837679207325,4.62144523486495,1.419652882963419
6954,Juan Camilo Hernández,16,676,2,1.5558805502951143,1,1.176310551352799,20,16,0,0,F M S,Watford,2,1.5558805502951143,2.7799330381676555,1.1408719951286912
7295,Joshua Sargent,19,1070,2,1.871294524520636,0,0.502311609685421,17,9,1,0,F M S,Norwich,2,1.871294524520636,2.502031996846199,0.3944424726068973
7603,Marc Guehi,20,1800,2,1.802334279753268,0,0.1185123547911644,11,1,4,0,D,Crystal Palace,2,1.802334279753268,6.0650241654366255,6.036079136654735
7726,Ezri Konsa Ngoyo,20,1723,2,1.1516407397575676,0,0.2211591750383377,12,3,3,1,D,Aston Villa,2,1.1516407397575676,2.757909771054983,2.50671885162592
8150,Anthony Gordon,17,903,2,1.4139534551650286,1,1.732279131188989,18,12,1,0,M S,Everton,2,1.4139534551650286,3.663524841889739,1.510059050284326
8239,Takumi Minamino,7,41,2,1.5600858330726624,0,0.4911211431026459,3,1,1,0,S,Liverpool,2,1.5600858330726624,2.230110824108124,0.1789038777351379
8272,João Pedro,15,694,2,1.5637490935623646,1,1.5103275245055556,27,13,1,0,F M S,Watford,2,1.5637490935623646,4.27009095158428,2.3138476721942425
8300,Steven Bergwijn,9,314,2,1.78446976095438,1,0.7698730677366257,11,6,1,0,F M S,Tottenham,2,1.78446976095438,2.767332687973976,0.4184954147785902
8961,Rúben Dias,21,1773,2,1.5516493255272508,2,1.937703788280487,12,12,4,0,D S,Manchester City,2,1.5516493255272508,12.154557101428509,11.332032963633536
8992,Hakim Ziyech,12,700,2,2.25589557364583,2,2.045972280204296,30,14,2,0,M S,Chelsea,2,2.25589557364583,6.739074669778347,3.2273823730647564
9679,Rico Henry,19,1486,2,1.1831962261348965,0,0.4696511980146169,7,8,2,0,D M S,Brentford,2,1.1831962261348965,3.038280885666609,1.521234242245555
9680,Vitaly Janelt,18,1368,2,1.7220900123938918,0,1.0265479311347008,15,17,2,0,D M S,Brentford,2,1.7220900123938918,4.2390035493299365,1.859432835131884
9948,Michael Olise,14,378,2,0.3482732325792312,3,2.1842733696103096,6,7,2,0,F M S,Crystal Palace,2,0.3482732325792312,3.921693667769432,3.556972038000822
65,Timo Werner,11,572,1,2.708874423056841,1,0.0854049511253833,20,2,1,0,F M S,Chelsea,1,2.708874423056841,3.72218956425786,1.06249937415123
87,Joelinton,20,1333,1,1.931239975616336,1,0.9626060090959072,26,16,4,0,F M S,Newcastle United,1,1.931239975616336,3.754301672801376,1.661484102718532
229,Thiago Alcántara,11,675,1,1.2799651063978672,1,1.0671678818762302,16,12,1,0,M S,Liverpool,1,1.2799651063978672,5.4239059165120125,4.306702175177634
488,Philippe Coutinho,2,95,1,0.8940549194812775,0,0.0207168944180011,4,1,0,0,F S,Aston Villa,1,0.8940549194812775,1.5803067684173584,0.8334742486476898
500,Alex Iwobi,13,715,1,1.5463235434144735,1,1.4320501200854778,14,9,0,0,M S,Everton,1,1.5463235434144735,4.123444221913815,2.1468295827507973
528,Angelo Ogbonna,11,921,1,0.6117199659347534,0,0.0,3,0,1,0,D,West Ham,1,0.6117199659347534,1.006217548623681,0.9552079532295464
530,James Tomkins,8,540,1,0.6890933271497488,0,0.3527828902006149,4,2,2,0,D S,Crystal Palace,1,0.6890933271497488,0.4859016388654709,0.4056850597262382
533,Mark Noble,4,93,1,1.5223376750946045,0,0.0,2,0,0,0,M S,West Ham,0,0.0,0.7072548866271973,0.7072548866271973
534,Aaron Cresswell,16,1411,1,0.4488532580435276,2,2.3863700926303864,9,22,0,0,D,West Ham,1,0.4488532580435276,6.939652144908905,6.310699017718434
553,Anthony Martial,8,202,1,1.168277129530907,0,0.0,5,0,0,0,F M S,Manchester United,1,1.168277129530907,2.61861114948988,2.0982627272605896
579,Nathan Aké,8,573,1,0.0715477932244539,0,0.0,2,0,0,0,D S,Manchester City,1,0.0715477932244539,1.9097606930881736,1.9097606930881736
586,John Stones,7,495,1,0.9196115434169768,0,0.0,4,0,0,0,D S,Manchester City,1,0.9196115434169768,3.6151228472590446,3.6151228472590446
593,Aaron Lennon,8,265,1,0.2323167119175195,0,0.0,4,0,1,0,F M S,Burnley,1,0.2323167119175195,0.2469791593030095,0.0146624473854899
614,Fernandinho,12,502,1,0.6609537936747074,1,0.5220044124871492,9,7,1,0,M S,Manchester City,1,0.6609537936747074,3.798832379281521,3.427928254008293
645,Dele Alli,10,664,1,1.401276871562004,0,0.5020306594669819,4,2,1,0,M S,Tottenham,0,0.6401080340147018,1.9693954084068537,0.8272567372769117
672,Jordan Ayew,19,1337,1,2.5972377359867096,2,2.8377182949334383,27,20,1,0,F M S,Crystal Palace,1,2.5972377359867096,6.93773945979774,2.538077333942056
753,Marc Albrighton,9,509,1,0.41476721316576,0,0.1644768668338656,3,4,1,0,D M S,Leicester,1,0.41476721316576,2.1954004913568497,1.6825703382492063
766,Jamaal Lascelles,17,1514,1,0.932169777341187,0,0.2316509298980236,12,4,5,0,D,Newcastle United,1,0.932169777341187,1.063189882785082,1.063189882785082
807,Jonny Evans,10,752,1,1.2847998961806295,1,0.4210729673504829,3,3,2,0,D S,Leicester,1,1.2847998961806295,1.8027391880750656,1.7074244618415833
813,Salomón Rondón,13,706,1,2.0021563107147813,0,0.5214151497930288,17,7,2,0,F S,Everton,1,2.0021563107147813,2.931582599878311,0.4856187906116247
833,Virgil van Dijk,19,1710,1,1.158066114410758,1,0.851976003497839,20,6,2,0,D,Liverpool,1,1.158066114410758,11.43538722023368,11.423436891287563
884,Matt Targett,17,1440,1,0.7339119836688042,1,2.1659701196476817,7,21,2,0,D M,Aston Villa,1,0.7339119836688042,4.215847448445857,1.709517358802259
885,Kyle Walker-Peters,16,1255,1,0.4029708094894886,2,1.817698311060667,9,14,5,0,D S,Southampton,1,0.4029708094894886,4.030405022203922,3.17628912627697
900,Adama Traoré,20,1047,1,2.8342397063970566,0,1.3370982483029366,23,18,0,0,F M S,Wolverhampton Wanderers,1,2.8342397063970566,4.7574944868683815,0.9076889548450708
935,Kurt Zouma,12,1065,1,0.5281179584562778,0,0.0838833805173635,3,2,1,0,D,West Ham,1,0.5281179584562778,1.9553656615316868,1.8915111310780048
966,Alex Oxlade-Chamberlain,15,659,1,0.8050934672355652,1,1.1514272466301918,15,9,0,0,F M S,Liverpool,1,0.8050934672355652,4.674935568124056,2.912434151396156
1014,Tyler Roberts,20,841,1,2.4348467718809843,1,1.436450419947505,30,14,5,0,F M S,Leeds,1,2.4348467718809843,4.3758302722126245,0.71358298137784
1017,Matej Vydra,15,331,1,1.115015171468258,1,0.1649620234966278,11,3,0,0,F S,Burnley,1,1.115015171468258,1.3079774677753448,0.1204463690519332
1024,Tyrone Mings,19,1656,1,0.8278334848582745,1,0.669912438839674,12,4,6,0,D S,Aston Villa,1,0.8278334848582745,4.438907131552696,4.212494097650051
1042,Tom Davies,5,148,1,1.0068475678563118,0,0.0,6,0,0,0,M S,Everton,1,1.0068475678563118,1.2285461034625769,0.4193072840571403
1123,Juraj Kucka,17,1262,1,1.1393636269494891,0,0.2004482857882976,27,5,2,1,M S,Watford,1,1.1393636269494891,3.663293831050396,2.9477605503052478
1621,Marcos Alonso,17,1442,1,1.6831710208207369,2,2.878163255751133,25,24,6,0,D S,Chelsea,1,1.6831710208207369,7.816628575325012,5.878161035478115
1652,Matthew Lowton,17,1519,1,0.7138775950297713,2,2.0866365376859903,8,15,2,0,D,Burnley,1,0.7138775950297713,4.048126921057701,3.075590753927827
1653,Michael Keane,19,1710,1,0.9451953871175648,2,1.3396282345056534,14,8,1,0,D,Everton,1,0.9451953871175648,2.582344437018037,1.982902854681015
1665,James Tarkowski,16,1440,1,2.190916059538722,2,0.1178233250975608,14,2,6,0,D,Burnley,1,2.190916059538722,2.604156400077045,2.547700573690236
1688,Andrew Robertson,15,1315,1,1.0468098083510995,6,3.5434296764433384,6,28,4,1,D,Liverpool,1,1.0468098083510995,10.829484805464745,9.020617716014383
1719,Javier Manquillo,13,1069,1,0.3779595121741295,2,0.4709691517055034,4,4,5,0,D S,Newcastle United,1,0.3779595121741295,1.584492590278387,0.7456783410161734
1746,Jeff Hendrick,3,65,1,0.01774762570858,0,0.0228140708059072,1,1,0,0,S,Newcastle United,1,0.01774762570858,0.1608572322875261,0.1202955357730388
1760,Arthur Masuaku,11,477,1,0.0428707115352153,1,0.7584338430315256,3,2,1,0,D M S,West Ham,1,0.0428707115352153,1.2144650369882584,1.1856507826596498
1801,Pontus Jansson,23,2065,1,2.1617264542728662,1,0.4942300096154213,12,3,4,0,D,Brentford,1,2.1617264542728662,4.391569085419178,3.261387135833502
2163,Diego Llorente,15,1270,1,0.6425634361803532,0,0.0478120651096105,4,2,6,0,D,Leeds,1,0.6425634361803532,1.3470910638570786,1.3470910638570786
2328,Thomas Partey,16,1339,1,1.776563998311758,0,0.477855235338211,26,8,3,0,M S,Arsenal,1,1.776563998311758,6.8040519915521145,6.19680954143405
2379,João Cancelo,22,1973,1,2.3143195835873485,5,3.596466045826673,46,25,5,0,D,Manchester City,1,2.3143195835873485,15.666950292885303,13.37444955855608
4381,Mateusz Klich,16,1136,1,1.7106750439852476,2,1.3018032126128674,23,25,2,0,M S,Leeds,1,1.7106750439852476,5.473404759541154,2.8816954661160707
5221,Leon Bailey,9,415,1,1.0645912438631058,2,0.2306462302803993,13,5,1,0,F M S,Aston Villa,1,1.0645912438631058,1.3268155679106712,0.320594422519207
5264,Caglar Söyüncü,17,1510,1,0.9022003300487996,0,0.0689336881041526,6,2,3,0,D,Leicester,1,0.9022003300487996,4.302122853696346,4.233189158141613
5553,Declan Rice,22,1980,1,0.6487204255536199,4,1.265141425654292,17,16,6,0,M,West Ham,1,0.6487204255536199,11.263885591179132,10.187491945922377
5560,Scott McTominay,19,1472,1,0.7249549701809883,0,1.4621386546641588,16,18,5,0,M S,Manchester United,1,0.7249549701809883,6.07797971367836,4.9116960018873215
5612,Anwar El Ghazi,9,372,1,0.9790221825242044,1,0.2625086233019829,8,5,2,0,F M S,Aston Villa,0,0.2178533114492893,0.609694505110383,0.3097453918308019
5735,Jean-Philippe Mateta,6,217,1,0.9382469803094864,0,0.0691816061735153,7,1,0,0,F S,Crystal Palace,1,0.9382469803094864,1.5307555496692655,1.1528080627322197
5962,Tanguy NDombele Alvaro,9,490,1,0.5444412399083376,1,0.6208779122680426,9,4,1,0,M S,Tottenham,1,0.5444412399083376,2.4390930458903317,1.5780103281140327
6030,Zanka,7,424,1,0.1421728879213333,0,0.0767927952110767,2,2,2,0,D S,Brentford,1,0.1421728879213333,1.579766824841499,1.5567027367651465
6047,Shane Duffy,14,1161,1,0.6186635792255402,0,0.0607984010130167,17,2,5,0,D S,Brighton,1,0.6186635792255402,2.630813764408231,2.611064612865448
6062,Isaac Hayden,14,1008,1,0.2894264794886112,0,0.0593780782073736,5,2,5,0,D M S,Newcastle United,1,0.2894264794886112,1.0659869341179729,0.9370966954156756
6063,Jacob Murphy,17,770,1,0.9715967709198594,1,0.8251938172616065,15,8,2,0,D M S,Newcastle United,1,0.9715967709198594,2.1790211009792984,0.5428622523322701
6276,Nikola Vlasic,11,352,1,0.6988735515624285,0,0.3490114137530327,4,5,0,0,M S,West Ham,1,0.6988735515624285,1.7958945631980896,1.0786172430962324
6345,Jadon Sancho,17,931,1,1.2880357056856155,0,1.383535360917449,8,22,0,0,F M S,Manchester United,1,1.2880357056856155,4.816549278795719,2.2152603790163994
6424,Ben Johnson,11,812,1,0.1015413915738463,0,0.1678196061402559,3,4,1,0,D S,West Ham,1,0.1015413915738463,2.8774693673476577,2.645480278879404
6456,Callum Hudson-Odoi,14,881,1,2.486586194485426,1,2.547772841528058,17,23,1,0,D F M S,Chelsea,1,2.486586194485426,6.496008720248938,2.378361359238625
6665,Curtis Jones,7,418,1,0.3397363889962435,1,0.1908026132732629,8,2,0,0,M S,Liverpool,1,0.3397363889962435,1.7845330256968737,1.3038156926631927
6859,Kortney Hause,7,393,1,0.0640325816348195,0,0.0,2,0,0,0,D S,Aston Villa,1,0.0640325816348195,1.813511993736029,1.813511993736029
7069,Saman Ghoddos,12,325,1,0.6922268867492676,1,0.9263340625911952,7,5,2,0,F M S,Brentford,1,0.6922268867492676,2.7870127269998197,1.333209847100079
7078,Sean Longstaff,15,986,1,0.6790169896557927,1,0.2898642942309379,12,5,1,0,M S,Newcastle United,1,0.6790169896557927,2.530022131279111,1.8653031047433613
7083,Christian Nørgaard,22,1953,1,3.658911556005478,2,2.613825379870832,18,17,6,0,M,Brentford,1,3.658911556005478,7.292362893931568,3.626063721254468
7187,Sergio Reguilón,18,1374,1,1.5018741823732853,3,2.545661363750696,12,20,3,0,D S,Tottenham,1,1.5018741823732853,5.874942468479276,3.4717693384736776
7332,Max Kilman,21,1890,1,1.1823586523532867,0,0.1449058810248971,10,3,3,0,D,Wolverhampton Wanderers,1,1.1823586523532867,4.274512153118849,4.104175087064505
7382,Dan Burn,12,935,1,0.944086292758584,0,0.6954153571277857,6,2,3,0,D S,Brighton,1,0.944086292758584,1.790942907333374,1.790942907333374
7470,Mathias Normann,9,713,1,0.6000791396945715,1,0.4558039531111717,16,6,4,0,M,Norwich,1,0.6000791396945715,0.868759186938405,0.360756441950798
7690,Grant Hanley,18,1549,1,0.5251051615923643,0,0.2979576885700226,10,4,1,0,D,Norwich,1,0.5251051615923643,1.9201616821810603,1.828520971350372
7699,Adam Webster,12,893,1,0.1880929246544838,0,0.0369059294462204,4,1,4,0,D S,Brighton,1,0.1880929246544838,2.4520041719079018,2.434987023472786
8021,Adam Idah,16,525,1,1.8440752774477005,0,0.3746335208415985,12,4,0,0,F M S,Norwich,1,1.8440752774477005,2.3172457106411457,0.5110169239342213
8089,Kieran Tierney,14,1206,1,0.4927972229197621,3,0.8036787081509829,12,13,0,0,D,Arsenal,1,0.4927972229197621,3.488051950931549,2.574050143361092
8476,Jarrad Branthwaite,1,90,1,0.5619036555290222,0,0.0,1,0,0,0,D,Everton,1,0.5619036555290222,0.0,0.0
8716,Luke Ayling,12,1080,1,0.3964003287255764,2,1.9833142841234803,9,6,0,0,D M,Leeds,1,0.3964003287255764,2.2603440061211586,2.114731704816222
8718,Stuart Dallas,21,1880,1,0.9588663978502154,1,1.6231399346143007,22,22,3,0,D M,Leeds,1,0.9588663978502154,5.780481433495879,3.869040662422776
8821,Donny van de Beek,8,59,1,0.7412805259227753,0,0.3933870494365692,2,3,0,0,S,Manchester United,1,0.7412805259227753,1.6354638934135437,0.5554127991199493
8864,Matthew Cash,21,1880,1,0.9778268663212656,0,1.8988168742507696,19,15,5,0,D M,Aston Villa,1,0.9778268663212656,6.713230097666383,4.483233017846942
9339,Joe Gelhardt,8,300,1,1.2673674821853638,1,0.5322291813790798,9,3,2,0,F S,Leeds,1,1.2673674821853638,1.7811813652515411,0.1644724309444427
9512,Valentino Livramento,18,1618,1,0.4363626688718796,0,1.4058529427275062,8,13,2,0,D,Southampton,1,0.4363626688718796,4.100869577378035,2.7065191734582186
9524,Anthony Elanga,5,253,1,0.8707581087946892,0,0.1195972263813018,7,2,0,0,M S,Manchester United,1,0.8707581087946892,1.0617731027305126,0.0714177582412958
9678,Ethan Pinnock,22,1871,1,1.7465086551383138,1,1.6828013993799686,16,11,0,0,D,Brentford,1,1.7465086551383138,4.54012456163764,2.630379091948271
9685,Mads Roerslev,13,830,1,0.2831445559859276,1,0.5461498154327273,5,3,0,0,D S,Brentford,1,0.2831445559859276,1.1220067320391536,0.3502062931656837
9734,Enock Mwepu,11,637,1,1.5956154577434063,3,1.0714490823447704,10,5,1,0,M S,Brighton,1,1.5956154577434063,2.5765222273766994,1.5228825695812702
9833,Andrew Omobamidele,5,380,1,0.1711218431591987,0,0.0,2,0,1,0,D S,Norwich,1,0.1711218431591987,0.4068538714200258,0.4068538714200258
9914,Shandon Baptiste,17,831,1,0.4449052046984434,0,0.440178882330656,11,7,0,1,M S,Brentford,1,0.4449052046984434,1.420346555300057,0.7625447800382972
62,Lukas Rupp,10,466,0,0.4285062281414866,0,1.2350856140255928,11,8,0,0,M S,Norwich,0,0.4285062281414866,2.236474161967635,1.3101458717137575
76,Fabian Schär,11,974,0,0.1654167361557483,1,0.5773280076682568,5,3,2,0,D,Newcastle United,0,0.1654167361557483,1.329691719263792,1.2723761051893234
111,Jannik Vestergaard,9,560,0,0.0387555845081806,0,0.0672715455293655,1,1,2,0,D S,Leicester,0,0.0387555845081806,3.767513182014227,3.767513182014227
181,Bernd Leno,3,270,0,0.0,0,0.0,0,0,0,0,GK,Arsenal,0,0.0,0.0970277115702629,0.0970277115702629
200,Andreas Christensen,13,1001,0,0.5500213000923395,0,0.1203191857784986,3,4,2,0,D S,Chelsea,0,0.5500213000923395,4.78575849160552,4.78575849160552
204,Granit Xhaka,10,832,0,0.450545884668827,1,0.931154638528824,8,8,4,1,M,Arsenal,0,0.450545884668827,5.806970201432705,4.612570740282536
239,Pascal Groß,14,996,0,1.4339913986623287,2,2.7531668059527874,12,30,0,0,D M S,Brighton,0,0.6728225741535425,4.271190639585257,2.650129023939371
332,Joel Matip,16,1440,0,0.9636913547292352,0,0.2671669945120811,21,4,1,0,D,Liverpool,0,0.9636913547292352,8.066749770194292,7.739386361092329
342,Sead Kolasinac,2,91,0,0.0,0,0.0,0,0,1,0,D S,Arsenal,0,0.0,0.0,0.0
461,Matt Ritchie,16,1320,0,0.3662856444716453,2,1.9647234054282308,10,29,5,0,D S,Newcastle United,0,0.3662856444716453,2.889647395350039,2.340493173338473
462,Dan Gosling,1,19,0,0.0,0,0.0,0,0,0,0,S,Watford,0,0.0,0.0,0.0
486,Adam Lallana,18,1379,0,0.8222184050828218,1,0.9124579317867756,18,7,4,0,F M S,Brighton,0,0.8222184050828218,4.799247059971094,4.236680502071977
489,James Milner,14,607,0,0.2416817340999841,1,1.3646847493946552,6,11,2,0,D M S,Liverpool,0,0.2416817340999841,4.412912152707577,4.151715956628323
496,Mohamed Elneny,7,155,0,0.0155661171302199,1,0.0942674651741981,1,4,0,0,M S,Arsenal,0,0.0155661171302199,0.3339325822889805,0.2758882045745849
503,Theo Walcott,8,386,0,0.862159663811326,0,0.0219031609594821,6,1,0,0,M S,Southampton,0,0.862159663811326,1.1412880942225456,0.2743081245571375
508,Calum Chambers,2,172,0,0.0617923513054847,0,0.0555610507726669,2,1,0,0,D,Arsenal,0,0.0617923513054847,0.3204994201660156,0.2031460180878639
509,Wayne Hennessey,2,180,0,0.0,0,0.1527586430311203,0,3,0,0,GK,Burnley,0,0.0,0.0792241394519805,0.0
510,Joel Ward,20,1800,0,0.2970032133162021,0,0.3056390099227428,8,5,5,0,D,Crystal Palace,0,0.2970032133162021,7.18538311496377,6.739410672336817
532,Cheikhou Kouyaté,17,1328,0,0.1092885574325919,1,0.5423536915332079,4,2,0,0,D M S,Crystal Palace,0,0.1092885574325919,2.399876866489649,2.353090394288301
546,David de Gea,22,1980,0,0.0,0,0.0,0,0,0,0,GK,Manchester United,0,0.0,2.0059656174853444,2.0059656174853444
574,Troy Deeney,2,19,0,0.109416589140892,0,0.0331709645688533,2,1,0,0,S,Watford,0,0.109416589140892,0.1425875574350357,0.0
581,Craig Cathcart,17,1469,0,0.0555208884179592,1,0.8055018000304699,1,2,3,0,D,Watford,0,0.0555208884179592,1.322657834738493,1.322657834738493
585,Seamus Coleman,15,1315,0,0.2148049026727676,0,0.5213658101856709,5,7,2,0,D,Everton,0,0.2148049026727676,3.322260569781065,2.884007424116134
592,Ross Barkley,5,145,0,0.7709845006465912,0,0.5811443775892258,6,7,0,0,M S,Chelsea,0,0.7709845006465912,3.02110356092453,2.1158861070871358
596,Tom Cleverley,15,816,0,0.32611202634871,2,1.144779839552939,5,15,1,0,M S,Watford,0,0.32611202634871,3.1945856418460608,2.222073385491967
603,Nathaniel Clyne,2,91,0,0.0,0,0.0,0,0,1,0,D S,Crystal Palace,0,0.0,0.0,0.0
624,Willy Caballero,2,180,0,0.0,0,0.0,0,0,1,0,GK,Southampton,0,0.0,0.0,0.0
631,Ashley Young,12,738,0,0.3718390073627233,2,0.2346664136275649,8,6,0,0,D F M S,Aston Villa,0,0.3718390073627233,1.849079068750143,1.4005647152662275
633,James McArthur,11,959,0,0.2180028110742569,1,0.9141576644033194,6,9,2,0,M,Crystal Palace,0,0.2180028110742569,3.570899207144976,2.6183164939284325
635,Alex McCarthy,15,1350,0,0.0,0,0.0234091021120548,0,1,1,0,GK,Southampton,0,0.0,2.008901508525014,1.985492406412959
637,Hugo Lloris,19,1710,0,0.0,0,0.2063242979347705,0,2,0,0,GK,Tottenham,0,0.0,1.1397532057017088,0.933428904041648
638,Kyle Walker,14,1219,0,0.1458261273801326,1,1.1914263181388378,5,6,1,0,D,Manchester City,0,0.1458261273801326,6.507347196340561,5.509476318955421
641,Danny Rose,8,692,0,0.156606082804501,0,0.631848668679595,4,5,4,0,D S,Watford,0,0.156606082804501,1.551004913635552,0.8791762432083488
643,Eric Dier,18,1541,0,0.4501858204603195,0,1.2294063176959753,7,6,0,0,D,Tottenham,0,0.4501858204603195,5.799788715317845,5.214317532256246
652,Kieran Trippier,2,180,0,0.0,0,0.0737714692950248,0,2,0,0,D,Newcastle United,0,0.0,0.1871593743562698,0.1695988476276397
660,Ben Davies,10,839,0,1.526369565166533,1,0.4216231554746628,8,6,2,0,D S,Tottenham,0,1.526369565166533,2.7567801661789417,2.10437748208642
669,Ashley Westwood,15,1334,0,0.2267391579225659,3,3.3837511762976646,7,21,5,0,M,Burnley,0,0.2267391579225659,3.753655541688204,2.868770114146173
681,César Azpilicueta,16,1313,0,0.7845652215182781,2,1.7726858276873827,7,11,0,0,D S,Chelsea,0,0.7845652215182781,8.033203944563866,6.559111440554261
688,Ruben Loftus-Cheek,12,688,0,0.7562576532363892,2,1.350813094526529,14,6,1,0,M S,Chelsea,0,0.7562576532363892,3.287073776125908,2.635771706700325
694,Asmir Begovic,1,90,0,0.0,0,0.0,0,0,0,0,GK,Everton,0,0.0,0.0,0.0
695,Bertrand Traoré,6,143,0,0.1529682436957955,0,0.0,4,0,0,0,F S,Aston Villa,0,0.1529682436957955,0.4635052355006337,0.3312121629714966
697,Nemanja Matic,13,757,0,0.158847420476377,2,0.9964826861396432,5,7,2,0,M S,Manchester United,0,0.158847420476377,3.262237725779414,2.288147745653987
706,Lukasz Fabianski,22,1980,0,0.0,0,0.0,0,0,0,0,GK,West Ham,0,0.0,1.7166598699986937,1.7166598699986937
708,Federico Fernández,7,523,0,0.3371330089867115,0,0.2842389643192291,6,1,0,0,D S,Newcastle United,0,0.3371330089867115,0.5562508665025234,0.2720119059085846
712,Jack Cork,8,656,0,0.1095925439149141,0,0.0258759800344705,3,1,1,0,M,Burnley,0,0.1095925439149141,0.9436924681067468,0.8082239329814911
741,Jordan Pickford,19,1710,0,0.0,0,0.0551632922142744,0,2,1,0,GK,Everton,0,0.0,0.7215774143114686,0.6664141220971942
743,Dwight Gayle,4,16,0,0.0604202002286911,0,0.0108931371942162,1,1,0,0,S,Newcastle United,0,0.0604202002286911,0.0713133374229073,0.0108931371942162
745,Kasper Schmeichel,19,1710,0,0.0,0,0.0,0,0,1,0,GK,Leicester,0,0.0,3.458758220076561,3.458758220076561
759,Daniel Amartey,10,786,0,0.0098498305305838,0,0.0317808985710144,1,1,1,0,D S,Leicester,0,0.0098498305305838,1.6172753013670444,1.6074254717677832
770,Ayoze Pérez,7,211,0,0.9622879773378372,2,1.0273897796869278,6,8,0,1,M S,Leicester,0,0.9622879773378372,1.5767725557088852,0.4078569449484348
772,Moussa Sissoko,18,1602,0,1.7497735265642405,1,0.8333439147099853,14,17,3,0,M,Watford,0,1.7497735265642405,4.386485405266285,1.9124126713722944
780,Karl Darlow,8,720,0,0.0,0,0.0,0,0,1,0,GK,Newcastle United,0,0.0,0.558485004119575,0.558485004119575
790,Nathan Redmond,19,1344,0,1.460683104582131,5,3.376613602042198,20,27,0,0,F M S,Southampton,0,1.460683104582131,6.20918520539999,2.431934542953968
803,Ben Foster,9,810,0,0.0,1,0.0675887167453765,0,1,0,0,GK,Watford,0,0.0,1.923063084483147,1.85547436773777
804,Craig Dawson,20,1521,0,1.5851492695510387,1,0.6956739276647568,16,4,3,0,D S,West Ham,0,1.5851492695510387,3.100857568904757,3.100857568904757
831,Fraser Forster,5,450,0,0.0,0,0.0,0,0,0,0,GK,Southampton,0,0.0,0.1177008040249347,0.1177008040249347
835,Ryan Bertrand,4,340,0,0.0,0,0.0,0,0,1,0,D,Leicester,0,0.0,1.6839181892573831,1.6839181892573831
839,Shane Long,3,107,0,0.2083332985639572,0,0.0,2,0,0,0,F S,Southampton,0,0.2083332985639572,0.1784902177751064,0.0516781732439994
842,Oriol Romeu,20,1738,0,0.4925922565162182,1,1.4220452960580587,12,18,5,0,M,Southampton,0,0.4925922565162182,5.540558815002441,4.763242773711681
844,Jay Rodriguez,13,340,0,0.8522817995399237,1,0.9273393154144288,15,4,3,0,F S,Burnley,0,0.8522817995399237,1.799778614193201,0.4090924374759197
847,Cédric Soares,4,210,0,0.0247479360550642,0,0.189126580953598,1,2,1,0,D S,Arsenal,0,0.0247479360550642,0.4634086340665817,0.3638982325792312
852,Freddie Woodman,4,360,0,0.0,0,0.0,0,0,0,0,GK,Newcastle United,0,0.0,0.3158472795039415,0.3158472795039415
853,Paul Dummett,2,158,0,0.0,0,0.0,0,0,2,0,D,Newcastle United,0,0.0,0.1516183689236641,0.1516183689236641
856,Jack Butland,3,270,0,0.0,0,0.0,0,0,0,0,GK,Crystal Palace,0,0.0,0.4677483141422272,0.4677483141422272
875,Ciaran Clark,13,1011,0,1.0101889353245497,1,0.1964808171615004,7,4,2,1,D S,Newcastle United,0,1.0101889353245497,1.7617447040975094,1.6704292874783278
876,Fabian Delph,6,244,0,0.0133977904915809,0,0.0194574072957038,1,1,1,0,M S,Everton,0,0.0133977904915809,0.1968067837879061,0.1834089932963252
887,Erik Pieters,4,104,0,0.0,0,0.0,0,0,0,0,D S,Burnley,0,0.0,0.6944540739059448,0.6944540739059448
902,Sam Byram,4,148,0,0.0465852729976177,0,0.0624955520033836,1,1,2,0,D S,Norwich,0,0.0465852729976177,0.267633706331253,0.2051381468772888
934,Axel Tuanzebe,9,507,0,0.1548681333661079,0,0.0,2,0,1,0,D S,Aston Villa,0,0.1548681333661079,0.8887575045228004,0.8887575045228004
951,Phil Jones,1,90,0,0.0,0,0.0,0,0,0,0,D,Manchester United,0,0.0,0.1493471562862396,0.1493471562862396
971,Harry Winks,8,438,0,0.0,1,1.4060768485069275,0,7,2,0,M S,Tottenham,0,0.0,4.014404855668545,2.768786810338497
982,Tim Krul,19,1710,0,0.0,0,0.0,0,0,1,0,GK,Norwich,0,0.0,1.2366508999839425,1.2366508999839425
985,Mason Holgate,9,697,0,0.4744952917098999,0,0.0,1,0,1,1,D S,Everton,0,0.4744952917098999,0.922041709534824,0.922041709534824
987,Joseph Gomez,3,13,0,0.0,0,0.0,0,0,0,0,S,Liverpool,0,0.0,0.0,0.0
1006,Luke Shaw,14,1185,0,0.1475095655769109,1,2.4065153803676367,5,27,5,0,D M,Manchester United,0,0.1475095655769109,4.58624367415905,3.514703992754221
1025,Daniel Bachmann,11,990,0,0.0,0,0.0,0,0,0,0,GK,Watford,0,0.0,0.8751082131639123,0.8751082131639123
1032,Kieran Dowell,9,334,0,0.1798663921654224,0,0.2034686114639043,3,6,0,0,F M S,Norwich,0,0.1798663921654224,0.5683202557265759,0.3131655473262071
1053,Keinan Davis,1,10,0,0.0,0,0.0,0,0,0,0,S,Aston Villa,0,0.0,0.0282422751188278,0.0282422751188278
1084,Jonjoe Kenny,4,267,0,0.0192284733057022,1,0.1624573543667793,1,3,1,0,D S,Everton,0,0.0192284733057022,0.3529900666326284,0.2869565719738602
1142,Samir,2,180,0,0.0789590142667293,0,0.0,2,0,1,0,D,Watford,0,0.0789590142667293,0.1301120668649673,0.1301120668649673
1245,Emerson,1,3,0,0.0,0,0.0,0,0,0,0,S,Chelsea,0,0.0,0.0,0.0
1257,Alisson,19,1710,0,0.0,0,0.0,0,0,0,0,GK,Liverpool,0,0.0,5.858227416872978,5.858227416872978
1304,Moise Kean,1,1,0,0.0,0,0.0,0,0,0,0,S,Everton,0,0.0,0.0178620126098394,0.0178620126098394
1379,Allan,17,1453,0,0.1300677321851253,2,0.4356215866282582,4,11,3,0,M S,Everton,0,0.1300677321851253,4.890433240681887,4.468806814402342
1441,Adam Masina,11,868,0,0.1415592636913061,0,0.6399356294423342,4,6,0,0,D M,Watford,0,0.1415592636913061,2.048173174262047,1.410008765757084
1545,Emil Krafth,7,543,0,0.1401030048727989,1,0.8308915048837662,2,2,2,0,D S,Newcastle United,0,0.1401030048727989,1.0246974900364876,1.0246974900364876
1663,Johann Berg Gudmundsson,17,1105,0,1.6741110244765878,1,0.6487751249223948,18,6,2,0,M S,Burnley,0,1.6741110244765878,2.8882225155830383,1.383490838110447
1675,Ashley Fletcher,3,24,0,0.4376538190990686,0,0.0,2,0,0,0,S,Watford,0,0.4376538190990686,0.4376538190990686,0.0
1683,Ryan Fraser,16,758,0,0.5629579424858093,1,1.0207840129733086,10,10,2,0,F M S,Newcastle United,0,0.5629579424858093,1.937087749131024,1.0091948583722117
1687,Harry Maguire,18,1510,0,1.0454490091651678,0,0.0503690363839268,12,2,5,1,D S,Manchester United,0,1.0454490091651678,3.9314600517973295,3.879142626188696
1707,Ben Gibson,18,1596,0,1.2967736385762691,0,0.1156430328264832,7,3,2,1,D,Norwich,0,1.2967736385762691,2.2301462404429917,2.190992504358292
1711,Adam Forshaw,12,853,0,0.2356742098927498,1,0.9041967894881964,7,11,2,0,M S,Leeds,0,0.2356742098927498,3.606583090499044,2.637192564085126
1725,Christian Kabasele,4,290,0,0.416583389043808,0,0.0532903671264648,1,1,0,0,D S,Watford,0,0.416583389043808,0.319418054074049,0.319418054074049
1735,Jack Stephens,6,486,0,0.0,0,0.2442822121083736,0,4,2,0,D,Southampton,0,0.0,1.0839737951755524,1.0298576839268208
1739,Eric Bailly,4,220,0,0.0,0,0.0,0,0,1,0,D S,Manchester United,0,0.0,0.426151230931282,0.426151230931282
1740,Paul Pogba,9,635,0,1.5863405540585518,7,1.599287511780858,21,15,4,1,M S,Manchester United,0,1.5863405540585518,3.2818631529808044,1.7539983205497265
1749,Rob Holding,5,313,0,0.4433862380683422,0,0.0,2,0,2,0,D S,Arsenal,0,0.4433862380683422,0.7816650532186031,0.7816650532186031
1750,Ainsley Maitland-Niles,8,251,0,0.0297201536595821,0,0.2273628115653991,2,3,0,0,M S,Arsenal,0,0.0297201536595821,0.6360603049397469,0.3890685737133026
1823,Lucas Digne,15,1350,0,0.4498689007014036,1,2.1518752332776785,11,26,5,0,D,"Aston Villa,Everton",0,0.4498689007014036,3.309069234877825,2.491589894518256
1828,Alex Telles,9,736,0,0.2078977292403578,1,0.9637419451028107,5,9,0,0,D S,Manchester United,0,0.2078977292403578,3.0380186960101128,2.3606650829315186
2190,Vicente Guaita,18,1620,0,0.0,0,0.0,0,0,1,0,GK,Crystal Palace,0,0.0,1.9835428856313229,1.9835428856313229
2245,Raphael Varane,12,1012,0,0.5021479055285454,1,0.1130264326930046,7,2,0,0,D S,Manchester United,0,0.5021479055285454,1.9853708259761331,1.928229384124279
2266,Saúl Ñíguez,5,165,0,0.0630487278103828,0,0.0,1,0,1,0,M S,Chelsea,0,0.0630487278103828,1.0427036732435226,0.9796549454331398
2310,Alphonse Areola,1,90,0,0.0,0,0.0,0,0,0,0,GK,West Ham,0,0.0,0.0,0.0
2383,André Gomes,9,388,0,0.9330221293494104,1,0.1564361816272139,11,4,2,0,M S,Everton,0,0.9330221293494104,1.3819460663944485,0.4171831235289573
2958,Oleksandr Zinchenko,7,501,0,0.1570894699543714,1,0.458853330463171,5,4,0,0,D S,Manchester City,0,0.1570894699543714,4.740163296461105,4.344208270311356
3203,Issa Diop,8,720,0,0.0286491680890321,0,0.0,1,0,0,0,D,West Ham,0,0.0286491680890321,1.5376229658722878,1.5376229658722878
3303,Ricardo Pereira,8,600,0,0.2407103180885315,2,0.7427166234701872,3,6,1,0,D M,Leicester,0,0.2407103180885315,3.026007086038589,2.317450739443302
3387,Nicolas N&#039;Koulou,3,167,0,0.0,0,0.0129845160990953,0,1,0,0,D S,Watford,0,0.0,0.0964711457490921,0.0964711457490921
3389,Benjamin Mendy,1,80,0,0.0,0,0.2885278761386871,0,2,0,0,D,Manchester City,0,0.0,0.1654054373502731,0.1329308301210403
3428,Hélder Costa,1,20,0,0.0182210132479667,0,0.0,1,0,0,0,S,Leeds,0,0.0182210132479667,0.0,0.0
3468,Jonas Lössl,2,180,0,0.0,0,0.0,0,0,0,0,GK,Brentford,0,0.0,0.0,0.0
3696,Morgan Sanson,6,220,0,0.0118105579167604,0,0.0,1,0,0,0,M S,Aston Villa,0,0.0118105579167604,0.5795503724366426,0.5677398145198822
3729,Hassane Kamara,2,176,0,0.0,0,0.0127683654427528,0,1,0,0,D,Watford,0,0.0,0.5940692871809006,0.581300899386406
4401,Emiliano Martinez,20,1800,0,0.0,0,0.0,0,0,3,0,GK,Aston Villa,0,0.0,0.622052788734436,0.622052788734436
4422,Ashley Barnes,8,371,0,0.6575422324240208,0,0.3867453038692474,8,6,2,0,F S,Burnley,0,0.6575422324240208,1.1727782972157,0.128490793518722
4475,Jed Steer,1,90,0,0.0,0,0.0,0,0,0,0,GK,Aston Villa,0,0.0,0.0106998765841126,0.0106998765841126
4764,Jean-Philippe Gbamin,3,67,0,0.0,0,0.0,0,0,0,0,M S,Everton,0,0.0,0.0582825951278209,0.0582825951278209
5043,Kiko Femenía,13,970,0,0.0303274914622306,3,1.1627001091837883,2,8,1,0,D S,Watford,0,0.0303274914622306,1.892513915896416,1.470248445868492
5061,Kepa,3,270,0,0.0,0,0.0,0,0,0,0,GK,Chelsea,0,0.0,0.6570841297507286,0.6570841297507286
5191,Álvaro Fernández,12,1080,0,0.0,0,0.0,0,0,0,0,GK,Brentford,0,0.0,0.3428560942411423,0.3428560942411423
5544,Angus Gunn,3,270,0,0.0,0,0.0,0,0,0,0,GK,Norwich,0,0.0,0.0,0.0
5545,Wilfred Ndidi,13,1170,0,0.4169575553387403,0,0.0464392937719821,10,1,3,0,D M,Leicester,0,0.4169575553387403,3.5744842952117324,3.3081367360427976
5549,Luka Milivojevic,10,581,0,0.2472152225673198,0,0.5382447391748428,7,7,1,0,M S,Crystal Palace,0,0.2472152225673198,2.6723447665572166,2.3512011133134365
5552,Nick Pope,15,1350,0,0.0,0,0.0480509921908378,0,1,0,0,GK,Burnley,0,0.0,1.4258227534592152,1.3777717612683773
5568,Connor Roberts,1,11,0,0.0,0,0.0,0,0,0,0,S,Burnley,0,0.0,0.0,0.0
5584,Aaron Wan-Bissaka,15,1345,0,0.0629079844802618,0,0.8008440546691418,2,11,2,0,D M,Manchester United,0,0.0629079844802618,3.988070011138916,3.3130639791488647
5603,Aaron Ramsdale,17,1530,0,0.0,0,0.0,0,0,1,0,GK,Arsenal,0,0.0,1.687067149206996,1.687067149206996
5609,Yves Bissouma,14,1220,0,0.5744356620125473,1,0.4844647701829672,13,4,6,0,M,Brighton,0,0.5744356620125473,4.473172731697559,3.7693225890398026
5619,Pierre Lees-Melou,17,1261,0,0.9323618281632662,0,1.024280916899443,22,14,4,0,M S,Norwich,0,0.9323618281632662,2.5789635684341192,1.6146842185407877
5648,Malang Sarr,2,180,0,0.0,0,0.0,0,0,0,0,D,Chelsea,0,0.0,0.1296616047620773,0.1296616047620773
5656,Nicolas Pepe,9,493,0,1.9659019708633425,1,1.2396217733621595,16,11,0,0,M S,Arsenal,0,1.9659019708633425,3.5325876474380493,0.9663539379835128
5681,Giovani Lo Celso,9,223,0,0.7339939046651125,0,1.0649307779967785,9,5,0,0,M S,Tottenham,0,0.7339939046651125,1.445075461640954,0.7877808213233948
5708,Fernando Marçal,11,962,0,0.4602448353543877,0,0.0573633406311273,7,2,2,0,D,Wolverhampton Wanderers,0,0.4602448353543877,2.858115890063345,2.762060062028468
6027,Jairo Riedewald,3,112,0,0.0,0,0.053624365478754,0,2,0,0,M S,Crystal Palace,0,0.0,0.7066319920122623,0.6811742037534714
6044,Charlie Taylor,16,1440,0,0.0939740492030978,1,1.6444662027060986,3,12,1,0,D,Burnley,0,0.0939740492030978,3.249435809440911,2.225771287456155
6048,Lewis Dunk,14,1260,0,0.4929457604885101,0,0.095023937523365,6,1,0,0,D,Brighton,0,0.4929457604885101,3.02082334458828,3.02082334458828
6049,Solly March,17,869,0,0.9441456608474256,1,1.439391853287816,14,15,1,0,D F M S,Brighton,0,0.9441456608474256,4.672955486923456,2.9914396200329065
6051,Dale Stephens,1,30,0,0.0,0,0.0,0,0,0,0,S,Burnley,0,0.0,0.0,0.0
6054,Ederson,22,1980,0,0.0,0,0.0,0,0,2,0,GK,Manchester City,0,0.0,6.879669308662415,6.879669308662415
6080,Victor Lindelöf,15,1264,0,0.0127791939303278,2,0.6128797233104706,1,2,2,0,D S,Manchester United,0,0.0127791939303278,4.758180268108845,4.758180268108845
6104,Will Hughes,7,511,0,0.0182294715195894,1,0.8525669127702713,1,7,1,0,M S,Crystal Palace,0,0.0182294715195894,1.6662348210811615,1.4243688881397247
6122,Douglas Luiz,17,1423,0,0.2899986878037452,3,1.5734123745933175,10,24,3,0,M S,Aston Villa,0,0.2899986878037452,4.201321672648192,3.64998771622777
6157,Timothy Castagne,16,1262,0,0.0542993023991584,0,0.3571612723171711,1,5,1,0,D M S,Leicester,0,0.0542993023991584,3.177540672011673,2.9249226795509458
6163,Nélson Semedo,19,1672,0,1.2942830361425877,1,0.8764277081936598,16,10,1,0,D,Wolverhampton Wanderers,0,1.2942830361425877,4.51678934507072,2.5198233891278505
6252,Lyanco,11,538,0,0.1654339917004108,0,0.1741071790456771,4,3,2,0,D S,Southampton,0,0.1654339917004108,1.2220923267304895,1.1739625595510006
6273,Robin Koch,5,450,0,0.0997816696763038,0,0.0263304039835929,3,1,2,0,D M,Leeds,0,0.0997816696763038,1.484100965783,1.4024722557514906
6274,Andriy Yarmolenko,11,75,0,0.2472072467207908,0,0.1195078697055578,5,2,1,0,S,West Ham,0,0.2472072467207908,0.3667151164263487,0.1426651887595653
6310,Boubakary Soumare,15,952,0,0.2299077678471803,1,0.2148307561874389,5,5,0,0,M S,Leicester,0,0.2299077678471803,3.300142957828939,2.9316595820710063
6314,Joachim Andersen,17,1387,0,0.1977726109325885,1,0.1866950197145342,3,4,3,0,D S,Crystal Palace,0,0.1977726109325885,6.1821732968091965,6.0665153414011
6326,Ibrahima Konaté,7,630,0,0.0711852312088012,0,0.0,2,0,2,0,D,Liverpool,0,0.0711852312088012,2.1766731664538383,2.1766731664538383
6377,Joe Rodon,1,79,0,0.0,0,0.0,0,0,0,0,S,Tottenham,0,0.0,0.0,0.0
6418,Hamza Choudhury,4,226,0,0.0202268231660127,0,0.0,1,0,1,0,D M S,Leicester,0,0.0202268231660127,2.029355689883232,2.029355689883232
6451,Nathan Ferguson,1,6,0,0.0,0,0.0,0,0,0,0,S,Crystal Palace,0,0.0,0.0,0.0
6477,Cenk Tosun,1,2,0,0.0,0,0.0,0,0,0,0,S,Everton,0,0.0,0.0156033467501401,0.0156033467501401
6482,Eddie Nketiah,3,31,0,0.4847561120986938,0,0.2669375836849212,1,3,0,0,S,Arsenal,0,0.4847561120986938,0.7516936659812927,0.0941515937447547
6485,Júnior Firpo,14,937,0,0.7328560799360275,0,0.5675599630922079,7,10,5,0,D M S,Leeds,0,0.7328560799360275,2.566445929929614,1.660330606624484
6492,Reiss Nelson,1,18,0,0.0374335795640945,0,0.0605893023312091,1,1,0,0,S,Arsenal,0,0.0374335795640945,0.1122174635529518,0.0141945825889706
6500,Romain Perraud,11,887,0,0.3065027669072151,0,0.1426420211791992,8,3,0,0,D S,Southampton,0,0.3065027669072151,1.2680840250104666,0.9554512538015842
6521,Yerry Mina,9,611,0,0.1196314673870801,0,0.0,4,0,2,0,D S,Everton,0,0.1196314673870801,0.407077981159091,0.3714919742196798
6523,Milot Rashica,16,1056,0,1.2966173868626356,2,0.7939579403027892,22,19,0,0,D F M S,Norwich,0,1.2966173868626356,2.1326059168204665,0.8197780475020409
6532,Martin Dubravka,9,810,0,0.0,0,0.0,0,0,0,0,GK,Newcastle United,0,0.0,0.4628937542438507,0.4628937542438507
6538,Oghenekaro Etebo,6,365,0,0.037510578520596,0,0.1159275881946086,3,2,3,0,M S,Watford,0,0.037510578520596,0.5564567781984806,0.4183486979454756
6542,Jürgen Locadia,1,20,0,0.0560980252921581,0,0.0,1,0,0,0,S,Brighton,0,0.0560980252921581,0.0560980252921581,0.0
6630,Joe Willock,17,1161,0,1.6883099023252726,0,0.6905897725373507,13,12,0,0,M S,Newcastle United,0,1.6883099023252726,4.154172899201512,1.9623173736035824
6674,Rayan Ait Nouri,11,895,0,0.2212051376700401,2,1.3030074974521997,6,10,1,0,D S,Wolverhampton Wanderers,0,0.2212051376700401,2.495691187679768,1.7623312547802925
6736,Ibrahima Diallo,16,722,0,0.3187319859862327,2,0.8845248036086559,7,12,0,0,M S,Southampton,0,0.3187319859862327,2.8602433800697327,1.809816397726536
6756,Dwight McNeil,17,1518,0,0.5947110448032618,1,2.391932169906795,20,22,1,0,M,Burnley,0,0.5947110448032618,4.436087626963854,2.581244378350675
6837,Ryan Sessegnon,3,167,0,0.0,0,0.0214007664471864,0,1,0,0,D S,Tottenham,0,0.0,0.5647602919489145,0.5433595255017281
6841,Ken Sema,10,416,0,0.0732036642730236,0,0.6261508855968714,2,4,1,0,M S,Watford,0,0.0732036642730236,0.8191327750682831,0.5363615993410349
6852,Matt Doherty,5,132,0,1.3087016344070437,1,0.8339830599725246,7,8,0,0,S,Tottenham,0,1.3087016344070437,1.882893726229668,0.5044669359922409
6857,Morgan Gibbs-White,2,4,0,0.0989102274179458,0,0.0,2,0,1,0,S,Wolverhampton Wanderers,0,0.0989102274179458,0.1372500881552696,0.0383398532867431
6880,Edouard Mendy,20,1800,0,0.0,0,0.0,0,0,2,0,GK,Chelsea,0,0.0,3.4208370596170425,3.4208370596170425
6891,Ryan Fredericks,2,21,0,0.0,0,0.0,0,0,0,0,S,West Ham,0,0.0,0.0,0.0
6893,Stuart Armstrong,9,327,0,0.6849282719194889,0,0.3569620717316866,5,7,1,0,M S,Southampton,0,0.6849282719194889,0.946276718750596,0.5902413949370384
6923,Mohammed Salisu,21,1802,0,0.7937061749398708,0,0.5275280196219683,12,8,7,1,D S,Southampton,0,0.7937061749398708,5.61146717518568,5.398077584803104
6996,William Troost-Ekong,16,1373,0,0.1041933577507734,0,0.0705595538020134,2,1,3,0,D S,Watford,0,0.1041933577507734,2.151211665943265,2.068260127678513
7081,Francisco Sierralta,5,430,0,0.0323923006653785,0,0.0,1,0,0,0,D,Watford,0,0.0323923006653785,0.2968115005642175,0.2968115005642175
7134,Marc Cucurella,18,1572,0,0.2341598682105541,1,1.8019140483811495,8,25,3,0,D M,Brighton,0,0.2341598682105541,5.57589278742671,4.306726014241576
7166,Mathias Jensen,17,848,0,1.2223489391617477,1,1.876123420894146,9,25,0,0,M S,Brentford,0,1.2223489391617477,2.4212540718726814,0.777660995721817
7198,Oliver Skipp,17,1310,0,0.1463643554598093,0,0.6294950731098652,4,6,6,0,M S,Tottenham,0,0.1463643554598093,6.145340085029602,5.392537269741297
7218,Cristian Romero,7,535,0,0.0,0,0.0,0,0,4,0,D S,Tottenham,0,0.0,1.7281778864562511,1.7281778864562511
7235,Jason Steele,1,90,0,0.0,0,0.0,0,0,0,0,GK,Brighton,0,0.0,0.0,0.0
7236,Leander Dendoncker,17,864,0,0.5483875311911106,1,0.8479397036135197,8,7,3,0,M S,Wolverhampton Wanderers,0,0.5483875311911106,1.774799283593893,1.3972328212112188
7278,Imran Louza,7,444,0,0.1353963166475296,0,0.4445284008979797,4,9,2,0,M S,Watford,0,0.1353963166475296,0.1501467395573854,0.1109080724418163
7280,Yan Valery,1,90,0,0.0135952569544315,0,0.0,1,0,0,0,D,Southampton,0,0.0135952569544315,0.1436992138624191,0.1301039457321167
7281,Diogo Dalot,12,720,0,0.2218295373022556,0,0.2787213120609522,6,7,2,0,D S,Manchester United,0,0.2218295373022556,2.966202799230814,2.487325768917799
7298,Ben White,18,1620,0,0.1095740180462598,0,0.7206835150718689,3,7,1,0,D,Arsenal,0,0.1095740180462598,5.072276990860701,4.887560546398163
7338,Bryan Gil Salvatierra,8,75,0,0.1006708443164825,0,0.1044243015348911,1,2,0,0,S,Tottenham,0,0.1006708443164825,0.9023008551448584,0.7428102698177099
7376,Ozan Kabak,9,746,0,0.5807486493140459,0,0.011970798484981,5,1,2,0,D,Norwich,0,0.5807486493140459,0.3983528772369027,0.3189736641943455
7420,Miguel Almirón,17,983,0,0.8216049559414387,0,0.7572217243723571,16,11,1,0,M S,Newcastle United,0,0.8216049559414387,3.240093829110265,1.805504399351776
7430,Emerson,15,1245,0,0.3568485006690025,1,1.6768498588353395,5,16,3,0,D S,Tottenham,0,0.3568485006690025,5.23939036950469,3.7040952295064926
7546,Harvey Elliott,4,251,0,0.4808208048343658,0,0.3615525886416435,7,5,0,0,M S,Liverpool,0,0.4808208048343658,1.9827339053153992,1.2372965067625046
7688,Max Aarons,21,1881,0,0.7020470695570111,1,1.3123619500547647,9,13,5,0,D,Norwich,0,0.7020470695570111,3.380237989127636,1.528800050728023
7689,Ben Godfrey,17,1494,0,1.197433720342815,0,0.6254459293559194,15,11,4,0,D,Everton,0,1.197433720342815,2.2584199104458094,1.842306887730956
7691,Jamal Lewis,5,261,0,0.0,0,0.0268902331590652,0,1,1,0,D S,Newcastle United,0,0.0,0.2706957459449768,0.2438055127859115
7693,Kenny McLean,20,1733,0,1.036234624683857,0,0.7813798002898693,22,5,2,0,M S,Norwich,0,1.036234624683857,3.4257231671363115,2.5706799924373627
7695,Todd Cantwell,8,443,0,0.1200837148353457,0,0.3090212047100067,5,1,2,0,F M S,Norwich,0,0.1200837148353457,0.6448747403919697,0.2841970901936292
7701,Moussa Djenepo,8,427,0,1.254247801378369,0,0.2697713356465101,10,6,3,0,M S,Southampton,0,1.254247801378369,2.3755975030362606,1.0761288832873106
7722,Trézéguet,1,8,0,0.0504834726452827,0,0.0,1,0,0,0,S,Aston Villa,0,0.0504834726452827,0.4643720090389251,0.4138885140419006
7724,Wesley,1,1,0,0.0,0,0.0,0,0,0,0,S,Aston Villa,0,0.0,0.0,0.0
7753,James Justin,1,35,0,0.0,0,0.1252145618200302,0,1,0,0,S,Leicester,0,0.0,0.5095706582069397,0.3843560814857483
7817,Zack Steffen,1,90,0,0.0,0,0.0,0,0,0,0,GK,Manchester City,0,0.0,0.3352588415145874,0.3352588415145874
7904,Caoimhin Kelleher,2,180,0,0.0,0,0.0,0,0,0,0,GK,Liverpool,0,0.0,0.33267942070961,0.33267942070961
7931,Takehiro Tomiyasu,16,1390,0,0.2693182500079274,1,0.8683442883193493,9,10,1,0,D,Arsenal,0,0.2693182500079274,6.517846044152975,5.787238523364067
7988,Billy Gilmour,12,1065,0,0.2745272805914283,1,0.7268250556662679,8,17,2,0,M,Norwich,0,0.2745272805914283,2.6125702373683453,2.1826320867985487
7991,Aaron Connolly,4,152,0,0.5994892008602619,0,0.3804108202457428,2,1,0,0,F S,Brighton,0,0.5994892008602619,1.0079346299171448,0.0280346032232046
8017,Alex Kral,1,1,0,0.0,0,0.0,0,0,0,0,S,West Ham,0,0.0,0.0,0.0
8020,Steven Alzate,5,186,0,0.0812435895204544,0,0.1467899084091186,1,2,0,0,M S,Brighton,0,0.0812435895204544,0.4277022778987884,0.4277022778987884
8040,Marvelous Nakamba,12,757,0,0.0,0,0.0453882701694965,0,2,4,0,M S,Aston Villa,0,0.0,1.5991682447493076,1.5991682447493076
8075,Brandon Williams,16,1313,0,0.0585550479590892,1,1.2756314733996987,1,12,4,0,D S,Norwich,0,0.0585550479590892,3.602903682738543,2.7103650476783514
8179,Luke Cundle,1,1,0,0.0,0,0.0,0,0,0,0,S,Wolverhampton Wanderers,0,0.0,0.0,0.0
8204,Neco Williams,1,6,0,0.0,1,0.596182107925415,0,1,0,0,S,Liverpool,0,0.0,0.596182107925415,0.596182107925415
8214,Tyrick Mitchell,21,1884,0,0.082757368683815,1,1.4840468727052212,1,16,0,0,D,Crystal Palace,0,0.082757368683815,6.6234585624188185,5.113314928486943
8222,Japhet Tanganga,10,691,0,0.448644794523716,0,0.2455720007419586,7,2,1,1,D S,Tottenham,0,0.448644794523716,1.5058242361992598,1.3856446649879215
8224,William Smallbone,1,72,0,0.0667079612612724,0,0.0509522929787635,1,1,0,0,M,Southampton,0,0.0667079612612724,0.0667079612612724,0.0
8226,Tariq Lamptey,14,782,0,0.7013960294425488,1,1.0666779521852732,8,12,1,0,D M S,Brighton,0,0.7013960294425488,2.368891064077616,1.4170057885348797
8235,Jeremy Ngakia,11,549,0,0.0445784516632556,0,0.1568174585700035,2,2,0,0,D S,Watford,0,0.0445784516632556,1.535330452024937,1.4135034056380391
8291,Daniel Podence,15,687,0,0.8483098819851875,2,1.9725743141025305,15,14,1,0,F M S,Wolverhampton Wanderers,0,0.8483098819851875,2.084702230989933,0.4526245165616274
8323,Josh Brownhill,15,1194,0,0.4506472069770098,0,0.7509592548012733,11,15,4,0,F M S,Burnley,0,0.4506472069770098,2.778269963338971,1.9284897577017543
8351,Ki-Jana Hoever,6,190,0,0.0338298976421356,0,0.0863142684102058,1,1,1,0,D S,Wolverhampton Wanderers,0,0.0338298976421356,0.4629599750041961,0.3766457065939903
8380,Pablo Marí,2,180,0,0.0315681435167789,0,0.4264914393424988,1,1,1,0,D,Arsenal,0,0.0315681435167789,0.3758748471736908,0.3758748471736908
8456,Nathan Tella,10,601,0,0.6171830762177706,0,0.5362992808222771,10,5,1,0,D F M S,Southampton,0,0.6171830762177706,1.126175444573164,0.1654665358364582
8497,Cole Palmer,4,123,0,0.280721366405487,0,0.44644495844841,4,2,0,0,F S,Manchester City,0,0.280721366405487,2.0096277594566345,1.3054493889212608
8544,Lewis Bate,1,48,0,0.0,0,0.0,0,0,0,0,S,Leeds,0,0.0,0.3578285872936249,0.3578285872936249
8562,Luke Thomas,11,955,0,0.108410395681858,1,1.2566129360347986,2,7,0,0,D M,Leicester,0,0.108410395681858,4.602667327970266,3.6515092737972736
8582,Ellis Simms,1,63,0,0.0,0,0.0,0,0,0,0,F,Everton,0,0.0,0.0,0.0
8706,Eberechi Eze,3,101,0,0.0419322848320007,0,0.0,2,0,1,0,F S,Crystal Palace,0,0.0419322848320007,0.1049006208777427,0.062968336045742
8715,Illan Meslier,21,1890,0,0.0,0,0.0,0,0,2,0,GK,Leeds,0,0.0,2.0308692567050457,2.0308692567050457
8717,Pascal Struijk,14,1020,0,0.0590797970071435,0,0.2169212754815817,2,6,3,1,D M S,Leeds,0,0.0590797970071435,2.14590023458004,2.017462320625782
8719,Kalvin Phillips,12,1006,0,0.6855863500386477,1,1.1149944383651018,12,7,2,0,D M,Leeds,0,0.6855863500386477,2.590105138719082,2.3312252536416054
8721,Jamie Shackleton,11,620,0,0.1114594526588916,0,0.0133305806666612,3,1,4,0,D M S,Leeds,0,0.1114594526588916,1.429402321577072,1.3046122938394549
8778,Fabio Silva,11,129,0,0.1402960661798715,0,0.3367272317409515,4,1,0,0,F S,Wolverhampton Wanderers,0,0.1402960661798715,0.1479076147079467,0.0212995447218418
8780,Joël Veltman,17,1386,0,0.1286964192986488,1,0.636491309851408,4,10,4,0,D M S,Brighton,0,0.1286964192986488,4.310319751501083,3.907270738855004
8816,Liam Cooper,15,1274,0,0.1779925245791673,1,0.0830003097653389,4,3,4,0,D,Leeds,0,0.1779925245791673,2.869983445852995,2.841204088181257
8852,Konstantinos Tsimikas,9,571,0,0.2049915939569473,1,1.180697437375784,4,15,2,0,D S,Liverpool,0,0.2049915939569473,4.123544305562973,3.896259270608425
8934,Trincão,17,959,0,2.9356551095843315,0,0.9992841091006994,21,12,0,0,F M S,Wolverhampton Wanderers,0,2.9356551095843315,4.34311368316412,1.2007490303367376
8965,Vladimir Coufal,20,1518,0,0.5291435308754444,3,2.464767879806459,10,16,1,1,D S,West Ham,0,0.5291435308754444,8.56397457048297,6.898175925016403
9098,Robert Sánchez,20,1800,0,0.0,0,0.6362467408180237,0,3,2,1,GK,Brighton,0,0.0,3.5178523398935795,3.229696784168482
9220,Charlie Cresswell,4,93,0,0.0,0,0.0,0,0,0,0,D S,Leeds,0,0.0,0.0238341633230447,0.0238341633230447
9284,Jakub Moder,20,1240,0,2.350083189085126,3,1.8134303279221056,20,12,1,0,D F M S,Brighton,0,2.350083189085126,5.962695233523846,2.836481506004929
9287,Tyler Onyango,3,23,0,0.0317161977291107,0,0.0,1,0,0,0,S,Everton,0,0.0317161977291107,0.0317161977291107,0.0
9356,Carney Chukwuemeka,7,133,0,0.4765910133719444,1,0.9877788871526718,2,2,0,0,M S,Aston Villa,0,0.4765910133719444,1.914412900805473,0.505852660164237
9415,Jaden Philogene-Bidace,1,1,0,0.0,0,0.0,0,0,0,0,S,Aston Villa,0,0.0,0.0,0.0
9461,Jesurun Rak-Sakyi,1,12,0,0.0,0,0.0,0,0,0,0,S,Crystal Palace,0,0.0,0.0364288128912448,0.0364288128912448
9492,Crysencio Summerville,5,119,0,0.3223912231624126,0,0.0137273948639631,2,1,0,0,S,Leeds,0,0.3223912231624126,0.3796942420303821,0.0797297544777393
9493,Sam Greenwood,1,9,0,0.0,0,0.0,0,0,0,0,S,Leeds,0,0.0,0.0,0.0
9499,Cody Drameh,3,122,0,0.0,0,0.0232936069369316,0,1,1,0,D S,Leeds,0,0.0,0.3427670113742351,0.3194734044373035
9676,David Raya,9,810,0,0.0,0,0.0,0,0,0,0,GK,Brentford,0,0.0,2.8369005247950554,2.8369005247950554
9677,Kristoffer Ajer,10,834,0,0.2215736620128154,0,0.1821705549955368,3,2,2,0,D S,Brentford,0,0.2215736620128154,1.7105949893593788,1.4083307050168514
9681,Frank Onyeka,17,954,0,0.6384550537914038,0,0.1635155109688639,13,4,4,0,M S,Brentford,0,0.6384550537914038,1.4822874944657087,0.9403920099139214
9682,Mads Bidstrup,4,26,0,0.0,0,0.0,0,0,0,0,S,Brentford,0,0.0,0.0,0.0
9683,Mads Bech Sørensen,5,378,0,0.058680523186922,0,0.1333552990108728,1,3,1,0,D S,Brentford,0,0.058680523186922,0.4254888817667961,0.2921335846185684
9684,Marcus Forss,7,183,0,0.2957523018121719,1,0.4205658733844757,5,1,0,0,F S,Brentford,0,0.2957523018121719,0.1588668338954448,0.0
9687,Charlie Goode,6,446,0,0.0859933122992515,0,1.0358262360095978,2,7,3,0,D S,Brentford,0,0.0859933122992515,1.1973674595355988,0.881318673491478
9689,Albert Sambi Lokonga,13,816,0,0.3864234983921051,0,0.606977915391326,15,12,4,0,M S,Arsenal,0,0.3864234983921051,4.415035048499703,4.016901850700378
9690,Folarin Balogun,2,69,0,0.1574548035860061,0,0.0,3,0,0,0,F S,Arsenal,0,0.1574548035860061,0.1574548035860061,0.0
9691,Nuno Tavares,13,607,0,0.5362575305625796,1,0.787060379050672,14,4,1,0,D S,Arsenal,0,0.5362575305625796,3.4360651653259997,2.445448659360409
9733,Nathan Collins,5,450,0,0.0165281128138303,0,0.5499800555408001,1,2,1,0,D,Burnley,0,0.0165281128138303,0.1799642890691757,0.1606437861919403
9735,Taylor Richards,2,17,0,0.0214244723320007,0,0.0073145325295627,1,1,0,0,S,Brighton,0,0.0214244723320007,0.1937691010534763,0.1650300957262516
9739,Kiernan Dewsbury-Hall,10,518,0,0.5362009815871716,1,0.9809119626879692,6,11,1,0,M S,Leicester,0,0.5362009815871716,4.3181950356811285,3.394901320338249
9740,José Sá,21,1890,0,0.0,1,0.3950190395116806,0,2,3,0,GK,Wolverhampton Wanderers,0,0.0,1.24601246509701,0.8509934255853295
9745,Dimitris Giannoulis,11,544,0,0.0357109904289245,1,0.410059530287981,1,6,1,0,D S,Norwich,0,0.0357109904289245,0.6445213574916124,0.4159199688583612
9746,Christos Tzolis,11,299,0,0.3333490621298551,0,0.7744668982923031,6,8,0,0,F M S,Norwich,0,0.3333490621298551,1.601423505693674,0.637684597633779
9747,Bali Mumba,1,43,0,0.0,0,0.0,0,0,0,0,S,Norwich,0,0.0,0.0,0.0
9748,Jacob Sørensen,6,366,0,0.1814582012593746,0,0.0,4,0,0,0,D M S,Norwich,0,0.1814582012593746,0.389355931431055,0.389355931431055
9912,Cameron Archer,3,20,0,0.0282422751188278,0,0.0,1,0,0,0,S,Aston Villa,0,0.0282422751188278,0.059728767722845,0.0314864926040172
9915,Dominic Thompson,2,154,0,0.0252266097813844,0,0.0,1,0,0,0,D,Brentford,0,0.0252266097813844,0.0520682521164417,0.0268416423350572
9916,Finley Stevens,1,11,0,0.0,0,0.0288881715387105,0,1,0,0,S,Brentford,0,0.0,0.0,0.0
9933,Liam McCarron,1,6,0,0.0,0,0.0,0,0,0,0,S,Leeds,0,0.0,0.0,0.0
9957,Ozan Tufan,7,341,0,0.3498198157176375,0,0.2649288475513458,3,4,0,0,M S,Watford,0,0.3498198157176375,1.2360552717000246,0.6213066335767508
10001,Stuart McKinstry,1,1,0,0.0,0,0.0,0,0,0,0,S,Leeds,0,0.0,0.0,0.0
10027,Lewis Dobbin,3,29,0,0.0,0,0.0,0,0,1,0,S,Everton,0,0.0,0.0,0.0
10028,Leo Fuhr Hjelde,1,68,0,0.0,0,0.0237415563315153,0,1,0,0,S,Leeds,0,0.0,0.0237415563315153,0.0
10036,Jeremy Sarmiento,2,18,0,0.0,0,0.0,0,0,0,0,M S,Brighton,0,0.0,0.0,0.0
10061,Harrison Ashby,1,6,0,0.0,0,0.0,0,0,0,0,S,West Ham,0,0.0,0.0,0.0
10091,Tyler Morton,2,68,0,0.0,0,0.0,0,0,1,0,M S,Liverpool,0,0.0,0.0286305379122495,0.0286305379122495
10097,Przemyslaw Placheta,7,384,0,0.3261748496443033,0,0.0705275386571884,7,2,1,0,F M S,Norwich,0,0.3261748496443033,0.4046439416706562,0.1289863679558038
10118,Kaide Gordon,1,7,0,0.4911211431026459,0,0.0,1,0,0,0,S,Liverpool,0,0.4911211431026459,0.4911211431026459,0.0
10126,James McAtee,1,1,0,0.088648721575737,0,0.0,1,0,0,0,S,Manchester City,0,0.088648721575737,0.088648721575737,0.0
10141,Sonny Perkins,1,1,0,0.0,0,0.0,0,0,0,0,S,West Ham,0,0.0,0.0,0.0
10166,Kasey McAteer,1,1,0,0.0,0,0.0,0,0,0,0,S,Leicester,0,0.0,0.0,0.0
10172,Jonathan Rowe,2,29,0,0.0,0,0.081203207373619,0,1,0,0,S,Norwich,0,0.0,0.160172089934349,0.160172089934349
10290,Edo Kayembe,2,180,0,0.0414977483451366,0,0.350892961025238,2,4,0,0,M,Watford,0,0.0414977483451366,0.5619361847639084,0.2504264637827873
10291,Vitalii Mykolenko,1,90,0,0.0,0,0.0,0,0,0,0,D,Everton,0,0.0,0.1117921695113182,0.1117921695113182
10293,Toti,2,180,0,0.0,0,0.0,0,0,1,0,D,Wolverhampton Wanderers,0,0.0,0.1259562373161316,0.1259562373161316
