,1 Corners,1 Fouls Committed,1 Fouls Wons,1 Goals,1 Offsides,1 Pass Completion,1 Possesion,1 Red Cards,1 Shot Attempts,1 Shots Blocked,1 Total Passes,1 Total Shots on Target,1 Total xG,1 Under Pressure,1 Yellow Cards,2 Corners,2 Fouls Committed,2 Fouls Wons,2 Goals,2 Offsides,2 Pass Completion,2 Possesion,2 Red Cards,2 Shot Attempts,2 Shots Blocked,2 Total Passes,2 Total Shots on Target,2 Total xG,2 Under Pressure,2 Yellow Cards,winner,fh winner
0,2,1,3,0,1,0.8,0.624,0,2,0,290,0,0.06963867,0.279,0,6,2,0,1,1,0.651,0.376,0,8,3,175,1,0.87634993,0.171,0,2,2
1,2,0,3,0,3,0.903,0.658,0,7,2,371,1,0.358803596,0.078,0,2,0,0,0,1,0.746,0.342,0,9,6,193,1,0.682698615,0.104,0,1,0
2,1,1,6,1,0,0.793,0.468,0,8,4,256,3,0.209008724,0.07,1,0,1,5,1,0,0.89,0.532,0,5,2,291,0,0.45653727999999993,0.096,2,2,0
3,1,2,3,1,0,0.826,0.496,0,5,2,299,1,0.8845719969999999,0.11,1,1,1,5,0,1,0.803,0.504,0,5,0,304,3,0.16237866299999998,0.105,0,1,1
4,3,1,1,0,0,0.784,0.32,0,6,1,176,1,0.27992,0.125,2,3,1,1,1,0,0.898,0.68,0,7,0,374,3,0.805794097,0.059,0,2,2
5,2,2,5,0,0,0.803,0.62,0,2,0,309,1,0.15581047,0.061,1,3,1,5,1,2,0.672,0.38,0,5,1,189,0,0.39785329999999997,0.074,1,1,2
6,5,1,3,0,0,0.687,0.366,0,7,1,198,5,0.325770237,0.081,0,3,2,3,0,2,0.778,0.634,0,7,2,343,3,0.8886058990000001,0.122,1,2,0
7,8,2,2,0,0,0.838,0.596,0,15,5,302,2,0.936912151,0.063,1,0,0,3,0,1,0.761,0.404,0,2,0,205,1,0.08311545000000001,0.18,0,2,0
8,2,0,2,0,0,0.847,0.667,0,10,3,327,1,0.4304467919999999,0.11,1,0,0,2,1,0,0.712,0.333,0,7,1,163,3,0.723685665,0.123,1,2,2
9,1,0,2,1,0,0.894,0.688,0,10,3,433,2,1.006014839,0.053,0,0,0,1,1,4,0.709,0.312,0,2,1,196,0,0.33489556,0.194,0,1,0
10,3,1,3,1,0,0.846,0.543,0,4,1,267,0,0.186639832,0.045,1,2,2,2,0,2,0.782,0.457,0,8,1,225,1,0.41044105799999997,0.191,0,1,1
11,1,3,8,1,0,0.768,0.563,0,3,1,237,1,0.36607321600000003,0.219,1,1,1,6,0,2,0.641,0.437,0,5,1,184,1,0.29256782,0.147,0,1,1
12,2,1,7,3,4,0.77,0.506,0,7,3,256,0,1.2525995779999999,0.156,0,1,5,2,0,0,0.776,0.494,0,5,1,250,1,0.19486548399999998,0.096,0,2,1
13,1,0,3,0,8,0.672,0.517,0,1,0,253,0,0.030981608,0.126,0,2,2,1,1,2,0.614,0.483,0,2,1,236,0,0.097324871,0.11,1,2,2
14,0,1,1,0,1,0.739,0.462,0,4,1,253,2,0.141666628,0.126,0,2,0,1,0,0,0.82,0.538,0,7,2,295,1,0.4674615,0.207,0,2,0
15,4,0,4,0,0,0.672,0.329,0,8,5,137,2,0.453801451,0.255,0,4,1,1,1,0,0.871,0.671,0,6,0,279,2,1.026443039,0.258,0,2,2
16,2,1,2,1,0,0.85,0.444,0,5,2,260,0,0.677287907,0.185,0,1,0,3,0,0,0.871,0.556,0,5,1,325,1,0.198787139,0.308,0,1,1
17,7,0,4,0,0,0.835,0.622,0,9,0,334,3,0.462759418,0.26,1,2,2,2,0,0,0.783,0.378,0,3,0,203,0,0.085754145,0.246,2,1,0
18,5,1,2,0,0,0.743,0.415,0,3,2,214,0,0.24897766600000001,0.276,0,4,1,3,1,1,0.768,0.585,0,3,1,302,0,0.364557464,0.119,0,2,2
19,2,0,2,1,0,0.805,0.468,0,9,1,251,3,1.699469274,0.151,1,1,0,0,0,0,0.804,0.532,0,4,1,285,1,0.186990556,0.312,0,1,1
20,1,0,2,0,1,0.813,0.545,0,3,1,289,0,0.29462083,0.263,1,2,2,1,0,1,0.788,0.455,0,4,2,241,0,0.201810545,0.141,0,0,0
21,5,1,6,0,2,0.799,0.645,0,10,6,293,2,0.936875424,0.195,0,1,1,4,0,0,0.72,0.355,0,1,1,161,0,0.04832166,0.211,1,1,0
22,0,0,3,2,1,0.846,0.324,0,4,2,188,0,0.893119487,0.372,1,5,1,1,1,0,0.916,0.676,0,8,2,393,2,0.682793353,0.31,1,0,1
23,4,1,1,0,1,0.683,0.37,0,4,1,183,0,0.125048257,0.071,1,1,0,3,1,0,0.827,0.63,0,6,2,312,2,0.695924236,0.215,0,2,2
24,2,0,1,0,1,0.886,0.753,0,6,4,368,1,0.410509066,0.087,0,1,0,3,1,0,0.744,0.247,0,4,1,121,2,0.582047668,0.38,0,1,2
25,1,4,1,1,0,0.743,0.319,0,10,0,148,2,0.7622629310000001,0.304,3,3,0,5,0,1,0.867,0.681,0,8,3,316,1,0.5727237187,0.256,0,2,1
26,2,1,2,1,0,0.791,0.409,0,4,1,177,0,0.835610523,0.254,0,3,1,1,1,1,0.867,0.591,0,13,3,256,5,2.1242957262999997,0.223,1,2,0
27,0,1,1,1,0,0.814,0.373,0,3,0,177,1,0.904173546,0.107,0,3,1,4,1,0,0.862,0.627,0,2,1,298,0,0.033743684999999995,0.188,2,1,0
28,5,2,3,0,1,0.866,0.543,0,10,4,261,4,1.1489225500000002,0.149,0,3,1,3,1,0,0.855,0.457,0,7,2,220,2,0.25147695600000003,0.268,0,0,2
29,1,2,2,1,0,0.777,0.571,0,9,3,269,2,1.105617892,0.19,0,2,1,2,1,0,0.723,0.429,0,4,1,202,1,0.45874164,0.173,0,1,0
30,2,1,4,0,1,0.757,0.638,0,1,0,272,0,0.013531805,0.272,1,4,2,4,0,0,0.597,0.362,0,6,1,154,2,0.392398587,0.253,0,1,0
31,3,1,2,0,1,0.799,0.539,0,6,2,268,0,0.40679709999999997,0.093,1,1,2,2,0,0,0.782,0.461,0,6,4,229,0,0.228176026,0.157,0,1,0
32,1,0,3,0,1,0.892,0.676,0,7,1,378,1,0.17015557,0.119,0,0,3,0,0,1,0.751,0.324,0,3,1,181,0,0.12274501,0.21,0,1,0
33,2,2,4,0,0,0.863,0.631,0,8,2,293,5,0.4663346165,0.222,0,1,1,1,1,0,0.778,0.369,0,9,2,171,3,0.631606313,0.246,0,2,2
34,2,0,0,0,2,0.874,0.568,0,6,1,302,1,0.684228402,0.225,1,1,0,1,1,0,0.822,0.432,0,3,0,230,1,0.108410296,0.17,1,2,2
35,0,0,4,0,1,0.755,0.436,0,4,0,188,2,0.087711067,0.117,0,1,1,3,0,1,0.77,0.564,0,1,0,243,1,0.06201031,0.181,1,2,0
36,0,0,1,0,2,0.669,0.279,0,5,2,145,1,0.28325664549999996,0.324,0,2,1,2,0,0,0.837,0.721,0,9,3,375,2,0.681774321,0.197,1,2,0
37,4,1,3,1,0,0.83,0.664,0,7,3,336,0,0.8002177119999999,0.149,0,1,3,1,0,0,0.735,0.336,0,7,1,170,5,0.368592464,0.259,1,1,1
38,3,1,5,0,0,0.826,0.554,0,5,2,304,3,0.207629471,0.135,0,1,1,3,0,0,0.804,0.446,0,3,0,245,1,0.075998953,0.265,1,0,0
39,1,1,5,1,0,0.812,0.564,0,4,1,261,1,0.516332085,0.218,0,2,1,3,0,2,0.752,0.436,1,1,0,202,1,0.06471651,0.292,1,1,1
40,3,1,3,0,0,0.805,0.533,0,9,3,226,3,0.7735479460000001,0.23,1,3,3,3,0,0,0.818,0.467,0,5,3,198,0,0.217884528,0.197,1,1,0
41,1,1,0,1,0,0.837,0.454,0,5,0,233,2,0.629523538,0.258,1,4,0,2,1,0,0.821,0.546,0,7,4,280,0,1.03027698,0.189,0,0,0
42,3,1,3,0,0,0.716,0.396,0,5,0,183,2,0.33178601500000005,0.169,1,2,0,4,0,2,0.803,0.604,0,4,2,279,0,0.19712290500000001,0.118,0,2,0
43,4,1,1,0,1,0.839,0.556,0,12,5,322,1,1.2261078080000003,0.127,0,0,1,3,0,1,0.817,0.444,0,4,1,257,1,0.09925624699999999,0.214,1,1,0
44,2,1,3,0,2,0.78,0.569,0,2,1,273,0,0.366258368,0.176,1,1,1,3,0,1,0.739,0.431,0,4,1,207,1,0.337684274,0.353,1,2,0
45,2,3,4,0,0,0.674,0.374,0,6,0,172,4,0.42747718749999997,0.18,1,2,1,8,1,0,0.785,0.626,0,6,2,288,0,0.2702760865,0.25,1,2,2
46,1,1,0,1,1,0.679,0.344,0,1,0,131,0,0.76,0.198,1,4,1,4,1,0,0.824,0.656,0,7,2,250,0,0.492838518,0.212,0,1,0
47,4,2,4,0,0,0.668,0.354,0,8,2,184,3,0.530869202,0.353,0,2,2,3,0,0,0.881,0.646,0,4,2,336,0,0.084624347,0.155,1,2,0
48,6,1,4,1,0,0.9,0.8,0,12,3,399,3,0.5069619714999999,0.09,0,0,2,1,1,0,0.64,0.2,0,8,1,100,1,0.9596174469999998,0.16,0,0,0
49,0,2,6,0,0,0.891,0.73,0,3,1,440,2,0.20020163800000002,0.205,1,3,3,3,1,1,0.718,0.27,0,5,2,163,0,0.944938366,0.325,0,2,2
50,0,2,1,3,0,0.816,0.53,0,10,2,239,4,2.121766189,0.218,0,1,1,3,1,2,0.783,0.47,0,6,1,212,1,0.371252649,0.212,1,1,1
51,2,0,4,0,2,0.769,0.429,0,8,2,182,2,0.949623917,0.198,1,4,4,3,0,1,0.81,0.571,0,6,2,242,1,0.280060215,0.157,0,2,0
52,4,1,2,1,0,0.9,0.766,0,7,1,380,1,1.306364679,0.287,0,0,0,2,1,0,0.784,0.234,0,3,0,116,1,0.819299183,0.388,3,0,0
53,2,0,2,1,0,0.867,0.497,0,5,1,285,0,0.920982448,0.242,0,1,2,0,0,0,0.823,0.503,0,3,1,288,0,0.290201596,0.215,0,0,1
54,1,2,4,0,0,0.709,0.376,0,4,1,182,1,0.14229830000000002,0.159,1,0,1,3,1,2,0.825,0.624,0,5,1,302,2,0.6080191939999999,0.179,0,2,2
55,2,1,2,1,0,0.677,0.369,0,6,1,158,1,0.37450010399999994,0.171,0,2,1,3,0,1,0.863,0.631,0,8,4,270,1,0.333688792,0.233,0,1,1
56,3,0,3,0,0,0.791,0.458,0,5,0,244,3,0.504217177,0.221,0,4,0,7,0,0,0.82,0.542,0,5,2,289,1,0.196561485,0.294,0,2,0
57,3,0,1,0,0,0.839,0.663,0,9,4,267,2,0.884485568,0.255,1,1,1,5,0,0,0.544,0.337,0,8,2,136,2,0.593603094,0.382,1,0,0
58,1,0,3,0,0,0.514,0.211,0,2,0,111,0,0.033819208,0.198,0,2,1,1,0,0,0.872,0.789,0,10,5,415,1,0.6184847379999999,0.248,0,2,0
59,3,1,3,2,3,0.649,0.381,0,5,3,185,0,0.499510854,0.368,0,2,2,4,0,0,0.787,0.619,0,4,2,300,0,0.234148338,0.137,0,1,1
60,3,0,3,1,0,0.722,0.457,0,5,2,212,1,0.5600659379999999,0.142,0,3,0,3,0,1,0.75,0.543,0,8,1,252,2,0.348215975,0.171,1,1,1
61,2,1,7,0,1,0.794,0.641,0,10,4,257,1,0.542228913,0.261,1,3,6,3,0,0,0.604,0.359,0,9,1,144,2,1.10285325,0.257,1,2,0
62,0,0,1,0,1,0.675,0.251,0,3,0,123,1,0.139188232,0.309,0,5,0,3,1,1,0.875,0.749,0,10,2,368,2,0.43953547750000005,0.09,0,0,2
63,2,1,4,5,2,0.9,0.597,0,7,1,230,1,2.629767103,0.265,1,0,2,3,0,0,0.819,0.403,0,3,0,155,0,0.17012476199999998,0.245,1,1,1
64,4,1,2,0,2,0.835,0.533,0,4,1,284,0,0.303552928,0.155,0,2,2,2,0,0,0.835,0.467,0,9,5,249,1,0.504620667,0.137,2,2,0
65,0,1,1,0,1,0.789,0.459,0,4,1,223,1,0.080459006,0.184,0,4,0,1,0,0,0.837,0.541,0,8,3,263,1,0.653258265,0.183,0,2,0
66,1,1,4,0,1,0.647,0.336,0,7,2,167,1,0.528263323,0.323,1,1,3,4,0,0,0.848,0.664,0,6,1,330,1,0.149626436,0.209,0,1,0
67,2,2,1,0,0,0.737,0.529,0,5,1,228,1,0.224130834,0.25,0,2,1,4,1,2,0.773,0.471,0,4,1,203,0,0.280950565,0.222,0,1,2
68,0,3,2,0,1,0.724,0.417,0,1,0,228,0,0.012779108,0.219,0,3,1,2,1,1,0.781,0.583,0,4,1,319,0,0.284901556,0.21,0,2,2
69,1,0,3,0,0,0.694,0.248,0,4,0,121,1,0.157806384,0.231,2,3,1,1,0,0,0.866,0.752,0,7,3,366,2,0.673742392,0.336,0,1,0
70,1,1,4,1,0,0.798,0.497,1,6,2,233,2,0.44408380199999997,0.112,0,2,2,1,1,1,0.797,0.503,0,5,1,236,1,1.4053633600000002,0.144,0,2,0
71,2,0,4,0,0,0.853,0.405,0,11,2,211,2,0.863378872,0.147,0,4,1,0,0,1,0.89,0.595,0,3,1,310,1,0.105177759,0.119,0,1,0
72,2,1,0,1,1,0.867,0.432,0,8,4,278,1,0.683577827,0.23,0,1,0,3,0,0,0.918,0.568,0,6,1,366,3,0.278799376,0.178,0,1,1
73,4,1,2,0,0,0.698,0.517,0,8,2,252,1,0.29713232999999994,0.175,0,3,2,2,0,0,0.732,0.483,0,7,2,235,1,0.318293689,0.264,0,1,0
74,1,0,2,1,0,0.631,0.348,0,5,2,160,0,0.311130528,0.163,0,3,0,5,1,0,0.773,0.652,0,7,1,300,0,0.619171492,0.163,2,2,0
75,3,0,1,0,0,0.669,0.288,0,1,1,157,0,0.021827467,0.28,1,2,0,1,0,1,0.861,0.712,0,5,0,389,2,0.20614687899999998,0.177,0,0,0
76,1,0,1,1,0,0.808,0.585,0,3,1,245,0,0.13936107799999997,0.229,0,4,1,0,1,2,0.73,0.415,0,7,0,174,4,1.074139502,0.322,0,0,0
77,4,2,2,1,1,0.865,0.643,0,10,2,326,2,1.838685631,0.258,0,0,3,2,1,1,0.773,0.357,0,5,0,181,0,0.6882362669999998,0.315,1,1,0
78,6,1,2,2,0,0.938,0.734,0,8,2,534,3,0.896018422,0.18,0,1,0,1,1,0,0.809,0.266,0,3,0,194,2,0.884940209,0.247,0,1,1
79,5,1,1,0,0,0.818,0.393,0,3,1,209,1,0.067897132,0.34,0,3,1,1,2,0,0.898,0.607,0,11,2,323,2,1.7913808460000002,0.186,0,0,2
80,2,3,6,0,1,0.912,0.647,0,3,0,375,3,0.137827599,0.141,0,3,5,3,0,1,0.849,0.353,0,8,2,205,5,0.5968495819999999,0.268,1,0,0
81,1,1,3,0,1,0.779,0.3,0,2,0,195,1,0.19191765,0.113,1,0,0,2,0,0,0.91,0.7,0,4,0,455,1,0.822413937,0.057,0,2,0
82,4,0,5,1,0,0.906,0.788,0,7,3,427,3,0.82963991,0.173,0,1,1,3,0,0,0.652,0.212,0,2,0,115,0,0.105682527,0.261,2,2,1
83,4,1,3,1,0,0.913,0.649,0,9,2,413,2,0.829475784,0.143,0,0,2,1,1,0,0.843,0.351,0,1,0,223,0,0.044802357,0.251,0,2,0
84,1,3,6,1,0,0.886,0.746,0,6,2,421,2,1.8019854055,0.059,1,3,3,2,1,1,0.727,0.254,0,8,3,143,2,0.90309751,0.105,2,0,0
85,3,0,0,1,1,0.859,0.425,0,4,0,277,2,0.647019102,0.159,2,3,0,2,0,1,0.909,0.575,0,2,0,375,1,0.48663360999999994,0.115,0,1,1
86,3,1,1,0,1,0.83,0.35,0,4,1,182,2,0.14313841,0.121,1,1,1,3,3,0,0.908,0.65,0,7,2,338,0,0.768853879,0.083,0,2,2
87,2,2,3,1,0,0.664,0.268,0,3,0,140,1,1.098240659,0.193,2,1,2,3,0,0,0.89,0.732,0,6,2,383,1,0.9426494699999999,0.178,2,0,1
88,1,2,3,0,0,0.653,0.311,0,4,0,144,1,0.217619208,0.076,2,0,1,4,0,1,0.862,0.689,0,3,0,319,2,0.58655807,0.113,1,1,0
89,2,1,2,1,0,0.876,0.48,0,6,0,315,2,1.076222513,0.143,0,2,0,3,1,1,0.88,0.52,0,4,1,341,0,0.30340100299999995,0.076,0,0,0
90,0,2,3,1,0,0.891,0.446,0,5,1,274,3,0.818905069,0.12,1,3,2,4,1,0,0.9,0.554,0,6,2,341,2,1.23877207,0.12,2,2,0
91,1,0,0,0,1,0.732,0.331,0,2,1,198,1,0.060354456,0.106,1,1,0,0,1,0,0.868,0.669,1,2,0,401,0,0.101389649,0.115,1,2,2
92,1,2,0,0,0,0.812,0.283,0,0,0,170,0,0.0,0.159,0,4,0,4,1,1,0.905,0.717,0,13,3,431,3,2.1612299530000003,0.139,0,2,2
93,4,2,1,3,1,0.888,0.596,0,8,2,376,2,1.919424934,0.051,0,2,1,3,0,0,0.808,0.404,0,2,2,255,0,0.095710852,0.094,0,1,1
94,9,0,5,0,1,0.888,0.623,0,13,2,365,7,1.151373214,0.104,0,2,3,1,0,0,0.842,0.377,0,4,0,221,2,0.8860454400000002,0.109,1,1,0
95,2,0,0,2,0,0.9,0.831,0,6,0,512,2,0.6512122759999999,0.119,1,0,0,1,0,1,0.587,0.169,0,2,0,104,0,0.43886158,0.279,0,1,1
96,1,1,1,0,0,0.732,0.29,0,3,1,153,2,0.3811398865000001,0.163,1,0,1,1,2,2,0.909,0.71,0,6,2,375,2,1.4332082800000001,0.144,1,2,2
97,1,0,1,2,2,0.864,0.652,0,10,3,346,1,1.4658373070000001,0.211,1,1,1,3,1,2,0.784,0.348,0,3,1,185,1,0.983962088,0.259,1,1,1
98,0,0,1,0,2,0.796,0.341,0,2,0,211,1,0.062737937,0.185,0,2,1,0,2,0,0.907,0.659,0,10,3,407,4,1.893294647,0.118,0,2,2
99,2,2,1,2,0,0.771,0.321,0,8,3,192,2,1.007719275,0.167,0,3,0,2,0,0,0.882,0.679,0,6,3,406,1,0.601629246,0.145,2,1,1
100,1,1,1,1,0,0.812,0.32,0,3,1,207,0,0.754216564,0.077,0,1,1,0,0,4,0.916,0.68,0,3,1,439,0,0.41217592,0.103,0,0,1
101,2,2,3,0,0,0.771,0.343,0,6,2,218,3,0.841607331,0.197,0,2,2,2,1,2,0.888,0.657,0,5,3,418,0,0.403787433,0.105,1,2,2
102,1,0,3,1,0,0.65,0.199,0,1,0,117,0,0.7992439,0.188,0,7,0,0,0,1,0.875,0.801,0,6,1,471,2,0.325123602,0.079,0,1,1
103,0,1,1,1,0,0.819,0.398,0,4,1,227,1,0.39571686799999994,0.123,1,4,0,2,2,3,0.892,0.602,0,8,0,344,5,1.046835621,0.032,0,2,2
104,4,1,4,2,4,0.906,0.768,0,7,3,470,1,0.843193187,0.128,0,3,2,1,0,0,0.704,0.232,0,3,1,142,1,0.220096103,0.176,1,1,1
105,2,0,3,0,0,0.894,0.641,0,7,2,376,2,0.533559695,0.149,2,0,0,2,0,1,0.768,0.359,0,4,0,211,2,0.149756369,0.403,1,1,0
106,0,4,2,0,0,0.833,0.431,0,0,0,239,0,0.0,0.159,3,2,0,6,1,0,0.889,0.569,0,4,0,316,2,0.5555897949999999,0.079,1,2,2
107,2,2,4,1,0,0.897,0.631,0,7,0,339,2,0.9291706500000001,0.106,0,0,2,3,0,0,0.793,0.369,0,1,0,198,1,0.015334352,0.121,1,1,1
108,3,0,3,2,0,0.9,0.75,0,13,3,470,5,2.4696079394999995,0.055,0,1,1,0,0,1,0.745,0.25,0,3,1,157,0,0.375337304,0.146,0,1,1
109,8,2,3,1,2,0.883,0.831,0,11,4,463,3,1.617801482,0.056,0,0,4,3,0,0,0.574,0.169,0,1,0,94,0,0.42177632,0.191,0,0,1
110,3,1,2,0,2,0.91,0.661,0,2,0,390,2,0.52646699,0.103,0,3,1,2,0,1,0.795,0.339,0,3,0,200,1,0.3811049805,0.095,0,1,0
111,1,3,2,1,1,0.842,0.344,0,3,0,196,0,0.7390938659999999,0.173,0,1,1,1,2,2,0.901,0.656,0,10,4,374,4,2.9337698099999994,0.059,0,2,2
112,3,0,2,1,0,0.871,0.483,0,7,0,264,2,1.353902273,0.14,2,3,1,1,1,0,0.834,0.517,0,6,1,283,2,0.491953561,0.099,2,1,0
113,0,1,3,3,2,0.859,0.71,0,8,1,391,3,1.9364902069999999,0.079,0,1,2,3,0,2,0.719,0.29,0,4,0,160,2,0.136334942,0.206,0,1,1
114,1,0,2,1,0,0.926,0.809,0,4,0,528,0,0.251948842,0.133,0,0,1,3,0,0,0.68,0.191,0,2,1,125,0,0.55094611,0.224,1,1,1
115,3,3,1,0,1,0.762,0.229,0,5,3,126,1,0.6859598179999999,0.175,1,6,0,5,1,0,0.915,0.771,0,10,5,424,1,1.3951892540000002,0.078,1,0,2
116,1,1,4,0,1,0.873,0.502,0,3,2,299,0,0.54568239,0.217,3,4,2,1,0,0,0.838,0.498,0,12,5,297,3,0.6498300060000001,0.219,0,0,0
117,3,1,2,2,0,0.88,0.506,0,4,1,326,0,0.177431324,0.144,1,3,1,1,1,1,0.884,0.494,0,6,3,318,0,0.176113895,0.101,0,1,1
118,1,0,0,1,0,0.809,0.283,0,6,0,173,2,0.96237559,0.127,1,4,0,1,2,2,0.907,0.717,0,8,2,439,3,0.864712026,0.105,0,2,2
119,2,4,3,0,1,0.776,0.358,0,4,3,196,0,0.21255219400000003,0.163,0,1,2,4,1,2,0.889,0.642,0,6,0,351,4,2.019667341,0.194,1,1,2
120,6,3,1,4,2,0.887,0.66,0,12,2,372,5,1.737248272,0.086,1,1,0,3,1,0,0.786,0.34,0,3,0,192,0,0.41811356699999996,0.292,0,1,1
121,5,0,1,1,1,0.887,0.552,0,7,1,328,1,1.011796205,0.216,0,1,1,3,1,1,0.838,0.448,0,4,1,266,1,0.598667882,0.139,0,0,0
122,5,1,4,2,0,0.894,0.693,0,11,1,424,3,2.3059598230000002,0.116,0,1,2,3,0,2,0.766,0.307,0,0,0,188,0,0.0,0.09,0,1,1
123,1,1,2,0,2,0.834,0.271,0,5,0,187,4,1.037220182,0.107,0,0,2,2,0,0,0.944,0.729,0,3,1,504,1,0.083442893,0.131,2,1,0
124,8,0,0,0,0,0.885,0.783,0,8,3,444,1,0.344806668,0.137,0,2,0,0,1,0,0.667,0.217,0,5,0,123,2,0.25968722,0.122,0,2,2
125,1,0,1,0,1,0.803,0.363,0,4,3,203,0,0.218072362,0.167,0,1,1,2,3,0,0.91,0.637,0,12,0,356,6,2.2868936559999997,0.124,0,2,2
126,2,0,3,0,2,0.855,0.712,0,7,2,415,2,0.33056546500000006,0.104,1,1,1,2,0,0,0.75,0.288,0,6,2,168,0,0.6229520080000001,0.143,0,1,0
127,1,1,5,0,0,0.71,0.271,0,4,2,162,1,0.478257112,0.136,1,3,2,3,1,0,0.901,0.729,0,7,3,435,2,1.218212111,0.145,1,2,2
128,2,0,0,0,2,0.837,0.585,0,7,1,344,3,0.589496499,0.235,2,1,0,2,0,2,0.779,0.415,0,4,2,244,1,0.32776936700000003,0.123,0,1,0
129,5,0,4,0,2,0.884,0.748,0,3,1,474,0,0.33664729000000004,0.105,0,1,3,1,0,0,0.706,0.252,0,3,1,160,2,0.52558189,0.206,1,1,0
130,2,3,1,0,0,0.918,0.716,0,7,2,391,3,0.30643349599999997,0.159,0,1,1,5,1,1,0.768,0.284,0,4,3,155,0,0.911052626,0.09,1,2,2
131,0,2,4,2,0,0.902,0.594,0,4,0,326,2,0.9522970879999999,0.129,2,0,4,1,1,1,0.803,0.406,0,2,0,223,0,0.1472478,0.17,1,1,1
132,2,3,2,3,0,0.862,0.647,0,11,3,326,2,1.291045685,0.11,0,2,0,3,1,1,0.747,0.353,0,4,1,178,0,0.5719138530000001,0.18,1,1,1
133,2,1,3,0,2,0.747,0.308,0,6,2,186,3,0.357199117,0.183,0,2,3,1,2,0,0.895,0.692,0,5,2,418,0,0.6745362500000001,0.081,1,2,2
134,1,1,1,1,1,0.713,0.252,0,2,0,136,0,0.07219185,0.265,1,3,0,3,0,0,0.921,0.748,0,8,2,404,4,0.420429809,0.21,0,0,1
135,2,0,1,0,2,0.769,0.371,0,2,1,225,0,0.077582652,0.173,1,2,0,2,0,0,0.853,0.629,0,4,1,381,2,0.17389809500000003,0.131,1,0,0
136,3,2,1,0,0,0.894,0.422,0,5,0,301,1,0.423636397,0.116,1,1,3,3,0,0,0.91,0.578,0,6,2,413,3,0.7608659120000002,0.194,0,1,0
137,2,1,3,0,0,0.752,0.428,0,4,0,218,0,0.306212526,0.161,1,1,0,3,1,3,0.835,0.572,0,3,1,291,0,0.402894702,0.199,0,2,2
138,0,2,1,2,0,0.848,0.295,0,6,2,151,1,1.0739427910000001,0.146,2,2,3,2,2,3,0.895,0.705,0,3,0,361,1,1.08434059,0.047,3,2,0
139,2,1,2,1,1,0.693,0.292,0,5,0,150,0,0.8458443880000001,0.167,0,2,0,2,0,0,0.879,0.708,0,3,2,364,0,0.33846115,0.14,1,1,1
140,0,5,3,1,1,0.651,0.233,0,6,0,126,1,0.251402424,0.325,1,3,3,5,0,1,0.85,0.767,0,4,2,414,2,0.127289287,0.244,1,2,1
141,0,1,4,2,1,0.875,0.767,0,6,1,392,2,0.948025953,0.212,0,1,2,2,0,1,0.588,0.233,0,2,1,119,0,0.218654105,0.185,0,1,1
142,5,4,2,0,0,0.776,0.355,0,10,3,205,2,0.9897628929999999,0.122,2,4,0,6,0,0,0.877,0.645,0,6,3,373,2,0.721031678,0.094,2,2,0
143,1,1,4,2,4,0.907,0.738,0,4,1,460,0,0.346453236,0.143,0,1,2,1,0,1,0.767,0.262,0,1,0,163,0,0.10893671,0.307,0,1,1
144,4,0,3,0,0,0.926,0.805,0,8,3,517,2,0.647807106,0.236,0,0,1,0,0,2,0.712,0.195,0,1,0,125,0,0.024111398,0.16,1,1,0
145,3,0,3,3,1,0.896,0.566,0,7,1,307,1,1.04891212,0.088,1,7,1,0,0,2,0.834,0.434,0,8,1,235,3,0.6706146965,0.098,2,1,1
146,1,2,1,0,1,0.73,0.282,0,5,1,174,3,0.14956916,0.195,1,0,0,4,1,3,0.901,0.718,0,5,0,443,2,0.285393083,0.068,0,1,2
147,3,0,1,2,1,0.875,0.566,0,9,1,280,2,0.988678404,0.089,0,6,0,1,0,4,0.781,0.434,0,7,1,215,2,0.445317728,0.116,0,1,1
148,0,4,3,0,1,0.807,0.354,0,1,1,212,0,0.032565657,0.241,1,3,0,9,0,0,0.907,0.646,0,2,1,387,0,0.101149249,0.067,1,0,0
149,4,1,2,0,2,0.806,0.373,0,7,1,217,1,0.6032513230000001,0.134,0,2,1,2,3,2,0.882,0.627,0,9,2,364,4,1.5198214190000001,0.179,0,2,2
150,2,2,5,2,1,0.745,0.375,0,7,3,200,0,0.662368646,0.06,0,2,5,4,1,2,0.865,0.625,0,5,2,334,2,0.263619529,0.243,1,2,1
151,3,3,3,2,2,0.858,0.593,0,5,1,323,1,0.890737115,0.173,0,3,1,5,0,0,0.797,0.407,0,4,1,222,1,0.403869041,0.176,0,1,1
152,0,0,1,1,0,0.734,0.2,0,6,0,109,0,1.1495880915,0.183,0,2,1,2,2,1,0.927,0.8,0,6,1,437,3,1.272752973,0.032,2,2,2
153,1,2,7,1,1,0.886,0.609,0,7,5,367,1,1.156676934,0.161,0,2,4,3,0,2,0.763,0.391,0,2,1,236,0,0.041262217000000004,0.119,2,1,1
154,2,0,1,0,0,0.828,0.56,0,8,5,314,1,0.723056704,0.303,0,4,0,0,2,2,0.846,0.44,0,6,2,247,2,1.078800235,0.211,0,2,2
155,5,1,2,0,1,0.749,0.358,0,6,2,199,2,0.770078269,0.106,0,4,0,3,0,2,0.868,0.642,0,5,3,357,1,0.41433121,0.16,0,0,0
156,3,1,0,1,3,0.835,0.579,0,5,1,346,2,0.31207733099999996,0.153,0,0,0,3,0,0,0.833,0.421,0,2,0,252,1,0.5264565,0.25,1,1,1
157,3,0,1,0,0,0.888,0.78,0,11,0,429,3,1.234187631,0.161,0,1,0,0,0,0,0.678,0.22,0,1,0,121,0,0.09623431,0.231,1,1,0
158,4,2,3,1,0,0.891,0.685,0,9,1,393,4,1.341172561,0.145,2,0,2,2,2,0,0.773,0.315,0,6,0,181,3,1.7638719600000001,0.177,0,0,2
159,1,1,7,1,0,0.857,0.708,0,6,1,405,1,0.529895469,0.2,1,0,4,3,0,0,0.647,0.292,0,1,1,167,0,0.014103699,0.078,3,1,1
160,3,0,2,0,0,0.895,0.647,0,8,2,430,4,1.0602755465,0.179,0,0,2,1,0,0,0.813,0.353,0,4,1,235,1,0.172506565,0.306,1,1,0
161,4,2,2,0,1,0.848,0.568,0,8,3,289,1,0.6410254049999999,0.201,1,2,0,4,2,1,0.832,0.432,0,8,0,220,2,1.075825977,0.168,1,2,2
162,3,2,3,0,0,0.893,0.681,0,13,2,382,8,1.4096041420000003,0.147,1,1,3,3,0,0,0.754,0.319,0,0,0,179,0,0.0,0.201,0,1,0
163,6,0,3,1,1,0.926,0.741,0,9,2,471,4,0.636682689,0.127,1,0,1,2,0,0,0.794,0.259,0,6,3,165,3,0.417939137,0.194,2,1,1
164,1,1,4,0,0,0.808,0.435,0,8,3,224,2,0.869584154,0.049,1,2,1,3,1,2,0.842,0.565,0,4,1,291,1,0.75549549,0.251,3,2,2
165,0,0,2,0,1,0.62,0.19,0,1,0,108,0,0.008443251,0.12,0,2,0,0,0,1,0.896,0.81,0,9,4,460,3,0.736635258,0.109,0,2,0
166,4,0,4,2,1,0.895,0.666,0,14,3,361,6,1.464490905,0.144,0,3,2,2,2,0,0.751,0.334,0,5,1,181,2,1.2852249150000001,0.149,1,1,0
167,2,1,1,2,0,0.742,0.418,0,10,0,225,4,0.5811335705,0.156,1,1,1,2,2,5,0.872,0.582,0,5,1,313,0,0.729537,0.208,1,0,0
168,1,0,4,1,5,0.854,0.604,0,2,0,350,0,0.44751898700000003,0.209,0,2,1,2,0,1,0.764,0.396,0,6,2,229,0,0.18994372700000003,0.083,0,1,1
169,7,0,1,1,4,0.879,0.683,0,6,0,330,2,1.019648098,0.27,0,1,2,2,1,1,0.778,0.317,0,2,0,153,0,0.132967412,0.366,0,1,0
170,6,0,1,0,0,0.781,0.405,0,7,4,196,3,0.5162506020000001,0.122,1,2,0,1,2,2,0.861,0.595,0,7,1,288,1,0.6686507749999999,0.219,2,2,2
171,2,0,3,1,0,0.915,0.851,0,6,1,527,3,0.895965497,0.131,0,1,0,0,0,1,0.511,0.149,0,4,0,92,0,0.40513133399999995,0.196,1,1,1
172,2,0,6,0,0,0.831,0.669,0,8,0,350,4,1.100060805,0.103,0,3,4,2,1,2,0.642,0.331,0,5,1,173,1,0.627040901,0.312,0,0,2
173,3,2,1,1,1,0.922,0.702,1,6,1,434,4,0.442039614,0.076,2,2,0,3,1,1,0.783,0.298,0,5,1,184,2,0.5108427019999999,0.06,2,0,0
174,3,4,1,1,0,0.844,0.412,0,8,2,225,4,1.38007058,0.204,2,2,1,4,2,2,0.891,0.588,0,8,1,321,5,1.7026693190000002,0.28,2,0,2
175,0,0,1,1,1,0.791,0.328,0,2,0,191,0,0.081953348,0.387,1,4,0,0,0,0,0.89,0.672,0,3,0,392,1,0.280697273,0.143,0,2,1
176,2,1,3,1,0,0.748,0.242,0,6,1,159,2,1.299429156,0.22,1,1,1,3,1,1,0.902,0.758,0,4,1,498,1,0.182576535,0.145,0,0,0
177,3,4,1,0,0,0.813,0.47,0,10,4,235,1,0.6297574845,0.234,0,4,2,6,1,1,0.857,0.53,0,6,0,265,2,1.4154955400000002,0.181,1,2,2
178,2,2,0,0,1,0.662,0.269,0,2,0,133,2,0.036719655000000004,0.301,0,6,0,5,0,0,0.848,0.731,0,7,1,362,2,0.601778665,0.094,0,2,0
179,4,1,2,0,0,0.852,0.701,0,6,3,364,0,0.424723267,0.154,0,2,0,4,0,1,0.697,0.299,0,1,0,155,1,0.040425427,0.187,0,1,0
180,2,1,0,1,1,0.885,0.618,0,9,3,357,1,1.3427700029999998,0.308,0,0,0,3,0,0,0.805,0.382,0,1,1,221,0,0.14854144,0.136,0,1,1
181,2,0,1,3,1,0.901,0.595,0,9,2,364,1,2.115784804,0.176,0,2,0,1,0,0,0.847,0.405,0,5,2,248,3,0.182782154,0.133,1,1,1
182,5,1,4,2,1,0.831,0.565,0,4,0,296,2,1.02478423,0.132,0,3,4,1,0,1,0.75,0.435,0,7,2,228,3,0.45192721899999994,0.237,0,1,1
183,4,2,0,0,2,0.833,0.527,0,8,2,287,3,0.390435585,0.16,0,3,0,4,0,1,0.837,0.473,0,4,2,258,2,0.25594786,0.264,1,2,0
184,1,0,2,2,2,0.895,0.743,0,11,2,361,4,1.022580603,0.183,0,3,0,0,0,2,0.664,0.257,0,4,2,125,0,0.270473918,0.288,2,1,1
185,2,0,0,2,0,0.874,0.618,0,12,1,325,8,1.531516228,0.169,0,1,0,1,0,1,0.716,0.382,0,0,0,201,0,0.0,0.299,1,1,1
186,1,4,4,0,0,0.788,0.415,0,4,0,226,1,0.334973493,0.119,0,0,2,5,0,3,0.834,0.585,0,5,0,319,2,0.49943391600000003,0.238,1,2,0
187,4,1,2,0,1,0.835,0.454,0,8,3,254,2,0.391723329,0.083,2,1,0,2,0,0,0.853,0.546,0,5,1,306,2,0.165758923,0.258,0,1,0
188,4,4,3,0,2,0.758,0.496,0,8,1,265,3,0.307668191,0.245,0,0,2,4,1,4,0.784,0.504,0,4,1,269,2,1.016131265,0.439,0,2,2
189,2,0,4,1,0,0.881,0.666,0,4,0,361,1,0.600122689,0.169,1,3,0,0,0,0,0.796,0.334,0,10,4,181,4,1.1719611979999998,0.442,1,1,1
190,1,1,3,1,3,0.887,0.585,1,4,1,345,0,0.51247485,0.214,1,0,2,2,1,1,0.89,0.415,0,9,1,245,2,1.616973071,0.38,2,0,0
191,2,1,1,0,3,0.724,0.355,0,6,3,174,2,0.63416766,0.184,1,3,0,2,1,2,0.81,0.645,0,11,5,316,4,1.169407235,0.127,0,2,2
192,5,0,3,2,0,0.867,0.736,0,10,2,384,3,1.477402997,0.182,1,2,2,2,0,1,0.587,0.264,0,3,1,138,1,0.129067606,0.37,1,1,1
193,2,1,2,2,1,0.883,0.701,0,8,2,366,2,1.368433901,0.109,0,2,1,2,0,2,0.737,0.299,0,6,3,156,0,0.2061392255,0.128,0,1,1
194,0,1,2,0,2,0.619,0.283,0,4,2,134,1,0.234376032,0.343,0,2,1,3,0,0,0.867,0.717,0,8,2,339,2,0.46947805899999995,0.204,1,0,0
195,3,0,1,1,2,0.849,0.642,0,9,4,397,3,0.7242809299999999,0.159,1,0,1,2,1,1,0.774,0.358,0,6,2,221,1,1.1582723240000001,0.204,0,0,0
196,4,4,1,1,3,0.788,0.424,0,8,3,212,0,1.206273339,0.099,1,5,0,7,0,0,0.833,0.576,0,10,2,288,4,1.1752928704999999,0.108,0,0,1
197,2,0,2,0,3,0.684,0.229,0,4,2,136,0,0.162099491,0.324,2,5,1,1,0,2,0.861,0.771,0,7,1,459,6,0.363054261,0.129,0,0,0
198,2,0,4,0,2,0.874,0.76,0,2,2,436,0,0.12057289399999999,0.243,0,1,4,2,0,3,0.594,0.24,0,2,1,138,0,0.07108181,0.413,1,0,0
199,1,2,0,0,2,0.789,0.302,0,6,1,175,3,0.49851315999999996,0.183,0,3,0,3,0,2,0.869,0.698,0,5,1,405,2,0.301658539,0.165,1,2,0
200,1,1,2,1,1,0.854,0.581,0,12,3,336,2,1.272469697,0.065,0,1,0,2,0,2,0.814,0.419,0,2,0,242,1,0.06832998,0.103,0,1,1
201,1,0,2,1,0,0.878,0.662,0,4,2,386,0,0.747085302,0.137,0,2,2,2,0,3,0.756,0.338,0,5,2,197,0,0.319380175,0.249,3,1,1
202,1,1,0,0,1,0.718,0.331,0,3,1,156,1,0.165881211,0.301,2,3,0,3,0,6,0.841,0.669,0,7,1,315,4,0.5557336909999999,0.254,0,2,0
203,2,1,2,0,2,0.755,0.45,0,9,2,188,0,0.4912494885,0.245,3,3,1,1,1,0,0.817,0.55,0,7,1,230,3,0.955522441,0.3,1,0,2
204,3,1,2,1,1,0.845,0.66,0,8,3,361,3,0.5779311659999999,0.127,1,0,2,2,0,2,0.769,0.34,0,1,0,186,0,0.009055085,0.376,1,1,1
205,2,3,1,1,2,0.803,0.347,0,6,0,203,1,1.080031457,0.133,1,4,0,5,2,1,0.877,0.653,0,9,1,382,2,0.6207590799999999,0.215,0,2,2
206,2,0,2,4,0,0.864,0.626,0,10,2,273,2,1.762865953,0.388,0,1,1,3,1,0,0.755,0.374,0,6,0,163,2,0.317985471,0.331,0,1,1
207,1,0,8,1,1,0.751,0.298,0,3,0,177,2,0.360414812,0.277,1,1,7,2,0,1,0.887,0.702,0,5,3,417,1,0.197084974,0.307,1,0,1
208,4,0,3,0,1,0.873,0.786,0,6,1,394,3,0.29918231300000003,0.231,0,0,3,1,1,1,0.607,0.214,0,4,0,107,3,0.489275243,0.299,2,1,2
209,0,4,1,1,2,0.682,0.276,0,8,2,154,2,0.99546051,0.26,1,1,0,5,0,1,0.903,0.724,0,3,0,404,2,0.238051474,0.099,1,2,1
210,2,0,2,0,2,0.879,0.649,0,6,2,338,1,0.507515837,0.115,0,3,3,0,0,2,0.825,0.351,0,5,0,183,2,0.4219729,0.301,1,1,0
211,3,2,3,0,0,0.677,0.331,0,7,2,167,2,0.334533142,0.234,0,2,2,2,1,1,0.855,0.669,0,3,1,337,0,0.87131679,0.083,1,2,2
212,1,4,1,0,1,0.608,0.208,0,4,3,102,1,0.30802464500000004,0.314,2,7,1,5,0,0,0.884,0.792,0,11,4,389,7,1.320273757,0.054,3,2,0
213,5,0,1,2,2,0.88,0.649,0,13,3,358,7,2.575641171,0.095,0,1,1,2,0,1,0.763,0.351,0,3,0,194,2,0.062328217,0.376,1,1,1
214,3,0,2,2,2,0.843,0.461,0,7,1,248,3,0.46797539,0.137,0,1,1,0,1,3,0.872,0.539,0,3,1,290,0,0.7833325200000001,0.307,0,2,1
215,4,0,1,1,2,0.769,0.419,0,8,1,212,3,1.8548592830000001,0.193,0,3,1,2,1,0,0.837,0.581,0,9,3,294,2,0.6092564149999999,0.248,0,0,0
216,1,2,2,1,0,0.808,0.525,0,9,3,266,1,0.965270178,0.109,1,2,1,4,1,0,0.838,0.475,0,4,1,241,1,0.5020760200000001,0.095,2,2,0
217,1,9,2,0,0,0.616,0.211,0,2,2,112,0,0.058519915,0.161,1,3,0,11,0,1,0.895,0.789,0,11,1,419,3,1.875434998,0.169,0,2,0
218,1,1,2,1,4,0.842,0.418,0,9,0,234,6,1.080411039,0.107,1,1,2,2,1,1,0.88,0.582,0,7,1,326,0,0.902469207,0.239,1,2,0
219,1,0,1,0,1,0.712,0.449,0,9,3,219,2,0.7613017950000001,0.169,2,2,1,2,3,1,0.814,0.551,0,5,1,269,0,2.35549733,0.123,1,2,2
220,4,0,2,0,3,0.891,0.715,0,6,1,386,1,0.606800511,0.135,0,0,1,3,1,2,0.74,0.285,0,3,0,154,1,0.419886166,0.149,0,2,2
221,2,1,2,0,1,0.717,0.313,0,4,1,166,3,0.380670771,0.114,1,0,1,1,1,3,0.857,0.687,0,6,1,364,1,1.0145475099999999,0.082,1,2,2
222,4,1,2,1,0,0.898,0.727,0,9,3,442,4,0.450299329,0.09,0,0,1,3,0,1,0.765,0.273,0,3,0,166,1,0.068605443,0.175,0,0,1
223,4,1,4,3,2,0.842,0.687,0,11,6,349,1,1.3532781740000002,0.115,0,1,5,5,1,0,0.686,0.313,0,2,0,159,0,0.09912869499999999,0.138,1,1,1
224,5,3,2,0,1,0.771,0.289,0,10,3,140,3,0.6477155259999999,0.121,0,1,1,7,0,1,0.866,0.711,0,4,1,344,2,0.534128543,0.247,1,0,0
225,1,0,2,0,1,0.798,0.395,0,3,0,223,2,0.11650525,0.22,0,2,1,0,2,4,0.883,0.605,0,4,1,341,0,1.281760976,0.088,1,2,2
226,1,1,2,0,2,0.763,0.309,0,3,0,173,2,0.1651696,0.139,0,2,1,2,0,2,0.886,0.691,0,10,3,386,5,0.55314945,0.166,0,0,0
227,3,1,3,2,1,0.888,0.761,0,7,2,455,1,1.133853751,0.079,0,0,3,2,0,2,0.692,0.239,0,1,0,143,0,0.041080847,0.182,0,1,1
228,5,0,7,2,0,0.863,0.731,0,9,3,328,1,1.711112391,0.201,0,3,6,0,2,1,0.694,0.269,1,4,0,121,2,1.0001142,0.182,3,1,0
229,1,4,2,0,2,0.679,0.302,0,2,1,156,1,0.141057396,0.244,1,0,0,5,1,2,0.875,0.698,0,6,0,360,3,1.003500515,0.089,1,2,2
230,1,3,1,1,3,0.681,0.299,0,4,1,160,2,0.545383216,0.206,2,2,0,4,0,2,0.872,0.701,0,6,3,376,1,0.403124822,0.053,0,1,1
231,0,2,1,0,1,0.647,0.219,0,2,0,119,1,0.5257247425,0.109,0,6,0,3,2,1,0.878,0.781,0,12,5,425,3,1.931754714,0.113,1,2,2
232,4,0,4,1,4,0.864,0.587,0,13,1,294,4,1.6189075830000001,0.248,3,0,4,3,0,0,0.816,0.413,0,2,0,207,0,0.109143055,0.232,2,1,1
233,0,1,6,2,0,0.851,0.563,0,5,1,276,0,0.411709504,0.17,1,1,3,3,0,0,0.794,0.437,0,7,0,214,3,0.6944635599999999,0.14,2,1,1
234,2,1,2,0,2,0.663,0.337,0,5,0,166,4,0.144805051,0.133,2,3,1,2,1,1,0.828,0.663,0,9,1,326,3,1.425775544,0.362,1,2,2
235,2,0,3,1,2,0.878,0.675,0,5,2,343,0,1.04227812,0.134,0,2,1,1,0,0,0.758,0.325,0,2,0,165,0,0.039989941,0.352,2,1,1
236,3,0,2,3,0,0.891,0.624,0,9,2,358,2,0.918084196,0.159,1,1,1,1,0,2,0.782,0.376,0,2,0,216,1,0.45761545,0.213,1,1,1
237,6,0,5,0,5,0.849,0.728,0,5,0,345,2,1.1436174849999998,0.18,1,3,0,1,1,1,0.612,0.272,0,6,1,129,1,0.988074967,0.147,2,1,2
238,3,1,2,0,1,0.842,0.555,0,5,3,297,1,0.292561977,0.125,1,3,1,5,0,1,0.794,0.445,0,7,2,238,4,0.44833654900000003,0.265,1,0,0
239,1,1,4,1,3,0.672,0.347,0,3,0,180,0,0.362038277,0.206,2,3,0,1,0,2,0.834,0.653,0,5,1,338,2,0.754389843,0.089,0,1,1
240,2,1,4,3,0,0.851,0.535,0,8,2,288,2,1.5789371769999998,0.163,1,1,3,3,1,2,0.82,0.465,0,11,3,250,5,0.690150892,0.22,1,1,1
241,2,4,4,0,1,0.665,0.353,0,1,0,203,0,0.20297705,0.133,1,2,3,7,0,1,0.833,0.647,0,4,2,372,0,0.173152117,0.172,0,2,0
242,3,0,4,2,1,0.885,0.686,0,10,3,400,1,1.394745051,0.083,1,1,3,1,1,1,0.76,0.314,0,3,0,183,1,0.552584069,0.219,1,1,1
243,5,1,4,0,1,0.695,0.42,0,8,3,177,2,0.614285164,0.096,0,2,0,6,0,0,0.799,0.58,0,7,0,244,4,0.5889913360000001,0.221,0,2,0
244,6,0,6,2,0,0.802,0.562,0,12,4,293,4,1.366498844,0.13,1,0,4,3,0,1,0.697,0.438,0,1,0,228,0,0.2044514,0.07,2,1,1
245,8,4,5,0,1,0.794,0.519,0,9,0,247,3,0.83320136,0.219,0,2,2,3,0,2,0.742,0.481,0,2,1,229,0,0.069231445,0.201,0,0,0
246,3,0,1,3,2,0.888,0.694,0,11,3,349,2,1.18780492,0.052,0,2,1,2,1,1,0.747,0.306,0,4,1,154,2,1.273982465,0.097,2,1,1
247,2,1,4,3,1,0.878,0.672,0,13,1,369,3,2.065378242,0.068,0,1,2,3,0,1,0.789,0.328,0,4,1,180,0,0.189907589,0.111,0,1,1
248,3,1,3,1,0,0.884,0.707,0,8,4,422,2,1.298814763,0.073,0,2,2,3,0,1,0.749,0.293,0,4,0,175,3,0.45829852,0.24,0,1,1
249,6,1,4,0,3,0.881,0.713,0,6,3,386,2,0.31675950900000005,0.166,0,0,4,3,0,4,0.684,0.287,0,0,0,155,0,0.0,0.161,1,1,0
250,4,1,4,3,1,0.891,0.752,0,8,1,366,1,2.1264482620000003,0.066,0,0,4,0,0,2,0.686,0.248,0,0,0,121,0,0.0,0.107,2,1,1
251,2,1,4,0,1,0.646,0.278,1,2,1,130,1,0.062103014,0.192,2,2,2,1,0,1,0.858,0.722,0,4,1,338,1,0.205213364,0.186,2,2,0
252,0,3,3,0,2,0.915,0.667,0,6,1,351,1,0.34253555300000005,0.037,2,1,2,7,0,2,0.777,0.333,0,5,1,175,1,0.37445270399999997,0.109,1,2,0
253,1,3,5,0,0,0.714,0.318,0,8,2,185,2,1.347824267,0.222,1,2,0,6,2,1,0.912,0.682,0,6,1,396,1,1.3519262,0.073,0,2,2
254,1,0,3,2,1,0.902,0.691,0,6,2,346,1,0.491724563,0.058,0,3,3,0,1,1,0.761,0.309,1,5,0,155,1,0.21037983400000002,0.181,3,1,1
255,2,2,3,0,1,0.74,0.457,1,3,0,192,2,0.33902506,0.156,0,5,2,3,2,3,0.776,0.543,0,9,3,228,1,1.250959001,0.232,0,2,2
256,3,0,4,1,0,0.849,0.703,0,7,2,383,1,1.075177664,0.238,0,1,2,1,0,0,0.617,0.297,0,4,2,162,1,0.5444206699999999,0.191,1,1,1
257,4,2,0,1,0,0.709,0.323,0,10,4,151,2,0.6755026559999999,0.119,1,1,0,3,1,1,0.858,0.677,0,4,1,316,2,1.61064886,0.076,1,2,0
258,5,1,7,1,0,0.877,0.675,0,8,2,310,2,1.1061084390000002,0.132,1,0,5,3,0,0,0.698,0.325,0,3,1,149,1,0.330515084,0.067,3,1,1
259,1,0,4,1,1,0.875,0.712,0,5,2,384,0,0.550811817,0.091,0,1,2,2,0,2,0.703,0.288,0,3,0,155,2,0.175424033,0.142,1,1,1
260,7,0,11,0,0,0.84,0.695,0,9,1,306,6,0.7917617280000001,0.216,0,2,6,2,0,1,0.575,0.305,0,2,0,134,1,0.403097394,0.142,1,1,0
261,2,1,4,0,2,0.624,0.252,0,3,1,133,1,0.119953148,0.135,1,2,0,2,0,0,0.86,0.748,0,7,3,394,2,1.183100414,0.32,1,2,0
262,0,4,5,0,0,0.681,0.339,0,4,2,182,0,0.11825669999999999,0.088,0,2,3,7,0,0,0.876,0.661,0,9,4,355,1,1.042705882,0.076,1,0,0
263,3,0,2,1,2,0.873,0.697,0,11,1,355,3,0.7243501480000001,0.121,0,1,1,1,0,3,0.682,0.303,0,1,0,154,1,0.14401191,0.052,1,0,1
264,4,1,0,2,3,0.807,0.596,0,4,0,305,2,0.9762676,0.134,0,3,0,2,0,1,0.763,0.404,0,2,1,207,0,0.045628579,0.097,2,1,1
265,0,2,4,1,0,0.586,0.193,0,2,0,99,0,0.506531513,0.182,0,1,3,4,2,0,0.894,0.807,0,8,0,414,4,0.949835748,0.138,0,2,2
266,1,2,1,0,0,0.617,0.277,0,2,1,120,0,0.052019067,0.133,0,4,0,2,2,1,0.869,0.723,0,8,0,313,4,1.38520149,0.07,1,2,2
267,2,0,3,1,4,0.682,0.27,0,4,2,148,0,0.306467692,0.142,1,3,2,1,0,2,0.878,0.73,0,6,2,401,2,0.687622271,0.14,1,1,1
268,0,1,2,0,1,0.836,0.377,0,4,1,214,3,0.251059638,0.056,3,0,1,2,2,1,0.887,0.623,0,7,2,354,1,1.139126741,0.127,2,2,2
269,4,4,0,0,0,0.565,0.266,0,1,0,115,1,0.050293367,0.157,2,6,1,5,0,3,0.868,0.734,0,3,0,317,1,0.187695777,0.085,0,0,0
270,4,0,1,2,2,0.864,0.75,0,13,2,390,1,2.099941709,0.118,0,2,1,1,0,1,0.631,0.25,1,4,2,130,1,0.3499501,0.077,0,1,1
271,6,2,3,2,1,0.848,0.682,0,10,0,330,2,2.709610626,0.07,0,0,1,4,0,1,0.721,0.318,0,3,1,154,0,0.08427430899999999,0.182,1,1,1
272,5,5,3,0,1,0.732,0.271,0,3,0,164,0,0.281361705,0.067,1,1,1,4,2,3,0.867,0.729,0,4,1,442,0,1.2763462349999999,0.188,0,2,2
273,0,0,8,1,2,0.818,0.688,0,6,1,297,2,1.881669962,0.118,0,2,5,2,0,0,0.622,0.312,0,3,0,135,1,0.057883586,0.133,1,1,1
274,1,1,2,0,1,0.733,0.298,0,5,2,161,0,0.328271765,0.224,2,5,1,2,0,0,0.855,0.702,0,7,3,379,2,1.022348525,0.145,1,2,0
275,2,0,0,0,2,0.701,0.312,0,9,1,147,1,0.6398713850000001,0.286,1,2,1,1,0,1,0.846,0.688,0,5,0,324,1,0.33686340500000006,0.108,1,2,0
276,4,1,3,1,0,0.837,0.7,0,7,2,381,3,0.308748208,0.089,0,3,2,2,1,0,0.638,0.3,0,6,2,163,1,0.883423478,0.258,1,1,0
277,1,2,3,0,0,0.79,0.379,0,1,0,243,1,0.042468973,0.14,1,1,2,4,2,0,0.897,0.621,0,9,3,398,1,1.595343825,0.131,1,2,2
278,3,0,1,2,2,0.794,0.48,0,10,3,247,0,0.927571678,0.097,0,6,0,2,0,0,0.806,0.52,0,5,3,268,2,0.5621986699999999,0.101,1,1,1
279,2,0,1,1,1,0.843,0.437,0,10,3,223,1,0.5930479525000001,0.197,0,1,2,2,2,1,0.857,0.563,0,7,1,287,3,1.9088334079999998,0.115,1,2,2
280,3,0,4,0,2,0.873,0.69,0,13,4,371,3,1.1010484219999999,0.148,0,0,1,2,0,3,0.749,0.31,0,2,0,167,0,0.140501767,0.246,1,1,0
281,0,2,6,1,1,0.787,0.599,0,8,0,263,2,0.703427572,0.095,0,1,3,2,1,0,0.699,0.401,0,7,0,176,2,1.013519643,0.244,3,1,0
282,5,1,0,0,2,0.87,0.693,0,13,5,347,4,1.617778575,0.161,1,1,0,3,1,1,0.721,0.307,0,3,0,154,0,0.31037307999999997,0.182,1,0,2
283,3,0,5,1,0,0.895,0.712,0,5,2,401,2,0.693418969,0.232,0,1,2,1,0,0,0.735,0.288,0,0,0,162,0,0.0,0.198,1,1,1
284,1,2,2,0,0,0.655,0.284,0,2,0,145,1,0.109186336,0.152,0,2,2,2,0,1,0.885,0.716,0,5,2,365,0,0.437029252,0.068,0,0,0
285,2,0,5,5,0,0.926,0.781,0,13,1,434,2,1.704273875,0.177,0,2,4,1,0,1,0.672,0.219,0,4,0,122,3,0.34416530500000003,0.131,0,1,1
286,8,0,0,3,3,0.837,0.754,0,8,1,399,1,1.779982277,0.058,0,1,0,0,0,3,0.738,0.246,0,6,1,130,2,0.644913358,0.062,1,1,1
287,0,1,5,1,2,0.781,0.562,0,5,2,283,1,0.974739332,0.258,1,1,3,0,0,2,0.769,0.438,0,5,0,221,2,0.20119880799999998,0.19,1,1,1
288,4,1,2,1,1,0.851,0.548,0,7,1,276,1,1.074098748,0.145,1,6,1,2,1,1,0.82,0.452,0,9,2,228,2,0.8913606279999999,0.228,3,1,0
289,2,1,3,1,2,0.9,0.785,0,11,2,489,4,1.016994242,0.08,0,3,2,1,0,2,0.687,0.215,0,2,1,134,0,0.116480191,0.246,0,0,1
290,2,1,2,0,2,0.637,0.26,0,2,1,146,1,0.040367338,0.178,0,1,1,4,0,2,0.887,0.74,0,9,4,415,1,1.236444283,0.239,0,0,0
291,2,0,7,0,2,0.843,0.651,0,7,1,388,3,1.16707268,0.165,0,1,5,3,0,1,0.731,0.349,0,2,0,208,1,0.084151483,0.163,1,1,0
292,3,0,7,0,2,0.789,0.636,0,8,1,294,6,1.107328632,0.18,0,3,3,1,0,1,0.702,0.364,0,4,2,168,1,0.272327541,0.119,1,2,0
293,5,0,7,0,0,0.89,0.806,0,10,2,427,3,1.038156473,0.091,1,1,4,2,0,1,0.563,0.194,0,2,0,103,1,0.65162489,0.146,1,1,0
294,1,2,1,0,1,0.646,0.262,0,2,0,144,0,0.270922538,0.188,0,6,0,6,2,0,0.884,0.738,0,13,5,405,3,1.6082148450000002,0.119,0,2,2
295,6,0,4,1,0,0.868,0.669,0,7,1,317,2,0.474690656,0.06,1,2,2,1,0,1,0.707,0.331,0,4,1,157,2,0.212139505,0.242,0,1,1
296,2,1,3,0,1,0.689,0.257,0,2,0,132,0,0.308750115,0.114,0,6,1,3,0,2,0.882,0.743,0,10,0,382,3,0.45191713899999997,0.058,1,2,0
297,2,1,2,1,0,0.86,0.403,0,10,3,215,4,1.3482454190000002,0.135,0,5,1,1,1,1,0.884,0.597,0,6,2,319,2,0.8631395363,0.066,4,1,0
298,3,2,2,0,0,0.705,0.397,0,3,1,183,2,0.187003231,0.208,2,1,1,6,2,4,0.788,0.603,0,4,0,278,1,0.599241979,0.072,1,2,2
299,7,1,4,0,0,0.856,0.714,0,6,2,355,2,0.465206078,0.282,1,2,4,0,1,0,0.662,0.286,0,6,1,142,2,1.309014105,0.204,0,2,2
300,4,0,5,0,2,0.823,0.681,0,7,1,322,3,1.1625220059999999,0.193,0,2,3,2,0,3,0.609,0.319,0,2,1,151,0,0.129169243,0.258,3,1,0
301,1,1,2,2,0,0.843,0.7,0,11,1,343,3,2.3642957120000005,0.152,0,0,0,3,0,1,0.639,0.3,0,1,0,147,0,0.058082648,0.238,2,1,1
302,3,6,1,0,0,0.538,0.236,0,2,0,117,1,0.068331802,0.197,2,5,0,7,0,0,0.842,0.764,0,9,4,379,1,0.39575923399999996,0.071,1,0,0
303,5,0,5,1,4,0.871,0.698,0,11,3,356,2,1.7569857999999998,0.112,0,0,0,1,1,1,0.675,0.302,0,3,0,154,1,0.240991909,0.208,2,1,0
304,1,2,1,0,2,0.684,0.305,0,4,1,155,3,0.120837711,0.271,5,0,0,4,1,1,0.887,0.695,0,3,0,353,0,0.122787062,0.088,0,2,2
305,3,1,2,0,2,0.701,0.387,0,7,1,164,2,0.254827299,0.134,1,2,1,3,1,4,0.8,0.613,0,7,0,260,3,1.345410738,0.096,1,2,2
306,4,3,2,0,1,0.544,0.212,0,2,0,114,1,0.21260838999999998,0.254,1,2,1,4,0,0,0.892,0.788,0,8,2,424,4,0.3985591525,0.186,1,2,0
307,3,0,3,1,3,0.906,0.783,0,7,1,468,3,0.938533839,0.141,0,0,3,1,1,0,0.654,0.217,0,3,1,130,1,0.338864056,0.162,1,1,0
308,0,1,1,0,0,0.718,0.268,0,2,0,163,0,0.358004857,0.202,0,2,0,1,2,1,0.879,0.732,0,6,0,445,2,1.596833964,0.063,0,2,2
309,1,1,9,1,1,0.885,0.647,0,5,0,312,0,0.6148658400000001,0.285,1,1,3,2,0,2,0.771,0.353,0,10,4,170,2,1.570051676,0.112,2,1,1
310,1,4,1,0,1,0.778,0.282,0,6,0,158,2,0.344574871,0.209,1,2,0,4,0,1,0.866,0.718,0,1,0,402,1,0.491722,0.1,2,2,0
311,6,1,1,1,0,0.874,0.736,0,9,1,445,3,1.090357679,0.128,0,0,1,3,0,1,0.7,0.264,0,5,0,160,1,0.1284069137,0.119,0,1,1
312,0,4,2,0,0,0.752,0.223,0,1,0,141,0,0.06738847,0.135,1,2,1,5,2,2,0.9,0.777,0,6,0,491,2,1.061845726,0.13,0,2,2
313,3,0,3,1,2,0.918,0.801,1,7,1,452,2,0.443355297,0.162,0,0,2,1,0,0,0.696,0.199,0,3,0,112,0,0.128581545,0.152,0,1,1
314,4,2,2,1,0,0.62,0.288,0,5,1,121,1,0.581745732,0.132,2,1,1,6,0,0,0.866,0.712,0,10,1,299,5,1.161834713,0.087,0,2,1
315,1,1,7,2,1,0.9,0.749,0,11,0,379,4,1.824673834,0.095,0,4,6,3,0,1,0.63,0.251,0,4,1,127,0,0.272863169,0.189,0,1,1
316,4,1,3,0,0,0.642,0.316,0,6,1,165,3,0.749372455,0.103,1,3,0,3,2,1,0.863,0.684,0,9,3,357,2,1.4066328469999998,0.118,1,2,2
317,3,3,0,0,0,0.578,0.294,0,3,2,161,0,0.063291016,0.099,1,2,0,4,1,1,0.858,0.706,0,5,4,387,0,1.28662484,0.142,0,2,2
318,2,5,3,0,3,0.714,0.401,0,3,0,203,1,0.351618733,0.227,1,0,1,8,0,0,0.822,0.599,0,3,0,303,2,0.32939778399999997,0.32,0,2,0
319,2,2,1,0,0,0.632,0.233,1,6,2,117,2,0.17501611200000003,0.103,1,6,0,4,2,0,0.878,0.767,0,11,3,386,1,2.2376521609999998,0.104,2,2,2
320,0,7,3,1,1,0.722,0.275,0,4,1,162,0,0.196123452,0.08,1,1,2,11,2,1,0.893,0.725,0,8,2,428,3,0.62815569,0.077,0,0,2
321,3,2,6,1,2,0.846,0.681,0,6,2,397,1,1.3478044259999997,0.131,0,2,3,3,0,0,0.688,0.319,0,7,2,186,2,0.309902669,0.124,0,1,1
322,3,1,3,1,0,0.887,0.681,0,11,3,363,5,0.606785109,0.041,0,5,2,2,0,0,0.776,0.319,0,1,1,170,0,0.05446891,0.124,3,1,1
323,2,2,4,2,1,0.776,0.381,0,9,2,223,4,0.6970580079999998,0.152,1,0,4,4,3,3,0.871,0.619,0,9,1,363,1,2.048148257,0.083,1,2,2
324,3,2,2,0,0,0.797,0.529,0,6,1,236,4,1.2463374139999999,0.161,2,4,2,4,1,0,0.733,0.471,0,4,1,210,0,0.5243394299999999,0.105,1,2,2
325,9,0,3,1,2,0.875,0.738,0,13,4,385,5,1.271190974,0.075,1,0,1,1,0,0,0.701,0.262,0,2,0,137,2,0.094295275,0.175,2,1,1
326,1,6,0,1,0,0.624,0.229,0,2,0,109,1,0.21839938,0.183,0,4,0,8,0,1,0.875,0.771,0,14,5,368,4,0.9307222199999999,0.076,1,1,1
327,2,0,1,3,3,0.907,0.719,0,11,2,418,3,2.437071849,0.122,0,1,0,0,0,0,0.712,0.281,0,3,0,163,2,0.15025708,0.239,0,1,1
328,2,3,2,1,1,0.679,0.254,0,4,2,140,0,0.9648668159999999,0.157,0,3,2,5,0,1,0.854,0.746,0,8,4,412,2,0.5697101790000001,0.153,0,1,1
329,5,1,0,2,1,0.899,0.748,0,14,3,388,4,1.448040112,0.093,1,3,0,1,1,0,0.649,0.252,0,4,1,131,0,0.19547488400000002,0.099,2,1,1
330,0,2,1,1,0,0.739,0.349,0,8,2,180,2,0.666515086,0.183,1,0,1,7,2,2,0.899,0.651,0,4,0,336,1,0.500567714,0.14,1,2,2
331,1,2,2,1,2,0.632,0.296,0,2,0,152,0,0.086647151,0.158,0,3,0,3,1,3,0.859,0.704,0,7,3,362,1,0.45126292800000006,0.066,1,0,0
332,2,0,3,3,1,0.888,0.741,0,9,0,421,2,2.087430498,0.133,0,2,2,0,0,1,0.694,0.259,0,2,0,147,1,0.068618234,0.15,0,1,1
333,7,1,6,0,2,0.793,0.603,0,9,3,314,5,1.161550946,0.197,1,3,4,2,0,0,0.686,0.397,0,5,1,207,3,0.523222152,0.13,1,1,0
334,2,2,2,0,0,0.704,0.319,0,4,0,135,1,0.195366491,0.104,2,7,0,3,0,2,0.84,0.681,0,12,3,288,4,0.793007342,0.156,0,0,0
335,3,0,0,2,4,0.918,0.718,0,8,2,428,2,2.459644625,0.227,2,1,0,0,0,1,0.78,0.282,0,2,0,168,2,0.064244235,0.161,0,1,1
336,0,4,3,1,1,0.845,0.603,0,6,3,316,1,0.335140284,0.101,2,0,0,6,0,1,0.774,0.397,0,3,0,208,1,0.4044326635,0.154,2,1,1
337,5,2,5,2,3,0.842,0.613,0,10,2,342,3,1.058250219,0.07,0,3,2,1,0,1,0.75,0.387,0,3,1,216,2,0.31237296999999997,0.074,0,1,1
338,4,0,5,6,2,0.908,0.791,0,12,1,404,2,3.5140718790000003,0.04,0,1,4,2,0,1,0.579,0.209,0,0,0,107,0,0.0,0.14,0,1,1
339,6,0,5,0,2,0.868,0.782,0,9,4,417,3,0.5636105370000001,0.204,0,1,6,1,0,0,0.603,0.218,0,4,1,116,2,0.533045782,0.233,1,1,0
340,3,4,0,0,1,0.582,0.289,0,6,1,153,0,0.461786025,0.137,2,2,1,9,0,1,0.844,0.711,0,8,2,377,2,1.437149272,0.088,1,2,0
341,1,1,1,1,0,0.834,0.597,0,5,0,289,2,0.243107783,0.128,1,6,0,1,0,0,0.656,0.403,0,6,2,195,0,0.30992711700000003,0.19,1,0,1
342,6,0,0,1,1,0.9,0.697,0,14,6,430,2,1.0647750950000001,0.158,0,2,0,0,1,0,0.759,0.303,0,4,1,187,1,0.772480185,0.091,1,2,0
343,6,0,5,1,2,0.876,0.788,0,7,4,379,2,0.611376872,0.216,2,1,3,3,1,0,0.598,0.212,0,2,0,102,0,0.10776308700000001,0.235,1,0,0
344,4,1,1,0,1,0.722,0.321,0,3,0,194,1,0.255329572,0.371,1,3,2,3,0,1,0.869,0.679,0,4,0,411,2,0.29061948,0.287,0,0,0
345,0,2,2,2,0,0.851,0.323,0,10,2,175,2,1.2316166140000002,0.103,1,1,1,2,2,0,0.893,0.677,0,8,4,366,1,0.8775055629999999,0.216,0,2,0
346,5,0,2,0,0,0.717,0.473,0,6,1,240,2,0.824554525,0.254,0,0,0,3,2,3,0.757,0.527,0,5,1,267,2,1.6204478500000001,0.161,0,2,2
347,4,1,1,1,1,0.672,0.33,0,5,2,174,1,0.66757314,0.172,0,1,1,4,0,2,0.856,0.67,0,6,0,354,4,0.312944197,0.198,0,1,1
348,1,1,5,0,0,0.761,0.38,0,5,0,201,1,0.362953374,0.219,1,3,0,0,1,1,0.878,0.62,0,2,0,328,0,0.20812547999999997,0.098,2,1,2
349,2,2,0,0,0,0.675,0.28,0,3,0,166,1,0.046199117,0.229,0,1,0,3,0,1,0.906,0.72,0,4,1,426,1,0.269616435,0.124,1,0,0
350,2,2,2,0,1,0.761,0.386,0,6,2,197,3,0.25957285199999997,0.239,3,3,1,2,1,1,0.834,0.614,0,11,5,314,2,1.1526443700000002,0.166,0,2,2
351,2,4,3,0,0,0.755,0.359,0,4,1,188,1,0.106511881,0.191,1,2,2,4,1,2,0.851,0.641,0,8,3,335,1,0.434330279,0.158,1,2,2
352,1,2,0,0,1,0.695,0.272,0,0,0,164,0,0.0,0.159,2,2,0,3,1,2,0.886,0.728,0,6,1,438,3,0.9253198410000001,0.043,1,2,2
353,7,1,1,0,1,0.872,0.755,0,7,5,392,1,0.388097201,0.064,0,2,0,2,0,1,0.661,0.245,0,4,1,127,2,0.259703624,0.134,1,1,0
354,4,2,1,1,3,0.838,0.671,0,11,2,376,6,1.662259742,0.162,1,0,0,3,2,1,0.696,0.329,0,5,0,184,1,0.552297634,0.163,0,1,2
355,1,0,2,2,2,0.93,0.684,0,7,0,469,2,1.529642942,0.1,0,3,2,1,1,0,0.802,0.316,0,7,3,217,2,1.459439292,0.069,0,1,1
356,4,3,3,1,0,0.768,0.378,0,9,3,224,1,0.550729129,0.254,0,1,2,4,1,1,0.872,0.622,0,3,1,368,0,0.8917203419999999,0.353,1,0,0
357,2,3,0,0,1,0.609,0.221,0,3,0,128,1,0.211279622,0.164,1,4,0,8,3,1,0.874,0.779,0,8,1,451,1,0.326055886,0.131,0,2,2
358,0,1,5,1,0,0.681,0.215,0,4,1,141,1,0.6691064549999999,0.234,0,0,2,1,1,0,0.905,0.785,0,2,0,515,1,0.24501028000000002,0.124,0,1,0
359,2,3,4,2,3,0.793,0.305,0,6,1,193,1,1.0451211960000002,0.067,1,1,1,4,4,1,0.92,0.695,0,5,0,439,1,1.1225437059999999,0.091,2,2,2
360,2,2,2,0,0,0.62,0.198,0,7,1,129,1,0.71142105,0.155,0,5,1,2,0,2,0.901,0.802,0,7,2,523,2,0.265815232,0.029,0,2,0
361,4,0,4,2,1,0.889,0.779,0,5,1,413,0,0.24310690699999998,0.174,0,2,2,4,1,0,0.701,0.221,0,7,3,117,1,0.679067397,0.214,0,1,1
362,3,1,6,2,0,0.908,0.744,0,7,1,459,1,1.9815434349999999,0.231,0,0,6,3,0,0,0.709,0.256,0,3,0,158,1,0.083457166,0.165,2,1,1
363,3,0,7,4,1,0.914,0.783,0,11,3,502,1,2.795285142,0.03,0,1,5,0,0,1,0.647,0.217,0,2,0,139,0,0.198235586,0.151,1,1,1
364,4,2,1,1,1,0.654,0.291,0,4,1,133,1,1.14648292,0.18,2,4,1,5,1,4,0.802,0.709,0,3,1,324,1,0.28405442700000005,0.08,0,0,0
365,3,3,3,4,1,0.895,0.669,0,9,2,362,1,1.0148333689999998,0.066,1,1,5,4,1,0,0.721,0.331,0,5,0,179,1,0.544054988,0.145,1,1,1
366,2,0,2,3,6,0.858,0.713,0,10,2,352,3,2.690999182,0.068,1,2,1,4,1,2,0.613,0.287,1,3,2,142,0,0.20987484699999998,0.141,1,1,1
367,1,1,1,3,2,0.866,0.55,0,10,0,335,3,2.1574825019999997,0.081,1,1,1,2,0,0,0.799,0.45,0,1,1,274,0,0.013407853,0.164,1,1,1
368,3,3,4,0,0,0.724,0.438,0,8,3,210,1,0.19289035399999999,0.076,3,3,0,6,1,4,0.789,0.562,0,7,1,270,2,1.182506825,0.233,1,2,2
369,0,3,1,1,4,0.69,0.267,0,6,0,155,2,0.37514140500000004,0.123,1,4,0,2,2,2,0.878,0.733,0,7,1,425,3,1.485876633,0.099,0,1,2
370,1,5,0,0,2,0.817,0.403,0,4,2,268,1,0.190440915,0.179,0,1,1,7,0,1,0.887,0.597,0,3,0,397,1,0.110575283,0.045,0,0,0
371,1,2,1,1,3,0.751,0.322,0,6,1,181,1,0.23378250899999997,0.182,1,2,1,3,0,2,0.848,0.678,0,5,2,381,2,0.7328346579999999,0.118,0,2,1
372,2,0,7,1,1,0.907,0.695,0,11,2,429,5,1.076676969,0.105,1,0,4,1,0,0,0.718,0.305,0,2,0,188,0,0.044546194,0.16,0,1,1
373,2,0,5,2,4,0.898,0.66,0,6,1,421,0,0.810290435,0.242,0,3,4,0,1,1,0.756,0.34,0,5,2,217,0,0.27284442000000003,0.161,0,1,1
374,2,2,7,1,0,0.873,0.663,0,2,0,385,0,0.42287627,0.145,1,1,7,7,1,0,0.776,0.337,0,5,0,196,1,0.682643714,0.173,0,0,0
375,0,3,2,1,0,0.784,0.313,0,3,0,194,1,0.44651172299999997,0.186,1,3,1,4,2,3,0.901,0.687,0,6,1,426,2,0.457599849,0.047,0,2,2
376,1,1,2,2,1,0.826,0.534,0,6,0,310,1,0.932523306,0.258,0,2,2,3,0,0,0.789,0.466,0,4,0,270,3,0.11291821699999999,0.144,1,1,1
377,0,4,2,1,3,0.908,0.705,0,10,0,445,4,1.11117216,0.198,0,0,1,5,0,0,0.715,0.295,0,3,1,186,0,0.04649281499999999,0.145,0,1,1
378,1,3,0,0,1,0.837,0.374,0,3,1,264,1,0.170417173,0.182,0,2,1,3,1,1,0.918,0.626,0,6,1,441,1,1.04109922,0.073,0,2,2
379,1,1,0,1,1,0.71,0.444,0,4,1,259,1,1.141105228,0.193,1,0,0,2,0,1,0.787,0.556,0,6,1,324,2,0.460063535,0.34,1,0,1
380,5,1,5,0,0,0.882,0.687,0,8,4,408,2,0.7062043219999999,0.108,0,0,2,2,1,1,0.742,0.313,0,1,0,186,0,0.12373511,0.274,1,1,2
381,1,3,2,1,0,0.602,0.235,0,3,0,118,2,1.00546195,0.178,1,1,0,7,0,2,0.899,0.765,0,7,0,385,2,0.8450203820000001,0.13,0,2,1
382,2,1,1,1,1,0.605,0.319,0,6,2,152,2,1.059611397,0.158,1,4,0,3,0,3,0.79,0.681,0,10,1,324,7,1.038451202,0.108,1,2,1
383,0,1,3,0,0,0.64,0.246,0,1,0,139,1,0.06762873,0.137,0,3,0,1,1,2,0.899,0.754,0,7,2,426,4,0.843307294,0.096,2,2,2
384,4,0,5,2,1,0.847,0.665,0,11,3,354,4,2.394199407,0.144,0,0,3,1,1,3,0.652,0.335,0,1,0,178,0,0.23237121,0.275,1,1,1
385,6,1,0,0,3,0.88,0.718,0,7,4,433,2,0.46159092199999996,0.155,0,2,0,2,0,0,0.647,0.282,0,3,0,170,2,0.135700504,0.118,1,0,0
386,1,2,4,1,2,0.648,0.274,1,7,2,122,4,1.3256677159999999,0.197,2,5,1,7,2,1,0.846,0.726,0,8,3,324,2,0.9850646670000001,0.133,2,2,2
387,3,2,3,2,1,0.879,0.704,0,17,3,348,5,2.773978183,0.138,0,1,0,2,0,1,0.678,0.296,0,1,1,146,0,0.022407668,0.247,2,1,1
388,1,3,1,0,1,0.669,0.215,0,2,0,133,1,0.054919232,0.158,3,1,1,4,1,0,0.914,0.785,0,5,0,487,1,0.819909919,0.099,2,2,2
389,0,1,2,0,3,0.69,0.247,0,0,0,145,0,0.0,0.138,2,5,1,5,1,0,0.894,0.753,0,10,3,442,3,1.1746625380000002,0.063,0,2,2
390,5,0,2,1,0,0.877,0.73,0,9,1,456,3,1.355667219,0.16,0,2,2,2,0,1,0.68,0.27,0,2,0,169,1,0.335676684,0.178,1,1,1
391,3,1,5,3,4,0.806,0.593,0,9,2,253,2,1.0766128,0.241,0,2,3,1,0,1,0.661,0.407,0,4,0,174,1,0.302308566,0.201,2,1,1
392,2,1,1,0,3,0.704,0.253,0,4,0,159,3,0.737775418,0.164,0,1,1,1,1,1,0.909,0.747,0,6,1,470,1,0.594742103,0.236,0,2,2
393,0,8,2,1,1,0.75,0.384,0,3,0,216,2,0.6608941399999999,0.083,1,1,1,11,1,0,0.833,0.616,0,7,0,347,3,0.7746240950000001,0.13,0,2,0
394,2,3,7,2,0,0.918,0.727,0,6,0,497,2,1.346352943,0.137,0,0,6,4,0,0,0.765,0.273,0,2,1,187,1,0.048513959999999995,0.193,0,1,1
395,1,2,3,0,4,0.672,0.347,0,1,0,174,0,0.05478248,0.218,2,5,1,3,1,1,0.866,0.653,0,9,4,328,3,0.539445101,0.247,1,2,2
396,0,0,6,0,4,0.871,0.771,0,4,0,388,1,0.546482883,0.149,1,3,2,0,1,2,0.591,0.229,0,8,1,115,3,0.939672821,0.139,1,2,2
397,3,0,7,2,4,0.886,0.732,0,10,3,466,1,0.44551457899999997,0.107,0,1,5,0,0,1,0.713,0.268,0,1,0,171,0,0.032181177,0.088,1,1,1
398,2,0,1,2,1,0.909,0.801,0,8,4,482,0,1.9170657320000002,0.16,0,0,2,0,0,0,0.6,0.199,0,2,0,120,2,0.054898627,0.242,1,1,1
399,1,0,1,1,1,0.73,0.395,0,3,0,204,0,1.260063891,0.216,2,1,1,2,1,5,0.814,0.605,0,4,0,312,2,0.404914343,0.135,0,2,0
400,2,0,3,3,0,0.9,0.747,0,8,1,411,2,1.007259494,0.085,1,1,2,0,0,1,0.669,0.253,0,3,0,139,2,0.253920532,0.137,3,1,1
401,0,1,3,0,2,0.747,0.27,0,3,1,166,1,0.09091706199999999,0.181,0,3,0,1,2,4,0.882,0.73,0,4,0,449,1,2.23219345,0.247,0,0,2
402,4,0,6,2,1,0.862,0.739,0,9,1,399,1,2.3350216329999998,0.078,0,4,5,1,0,2,0.631,0.261,0,1,1,141,0,0.0147346975,0.206,0,1,1
403,3,0,5,2,3,0.892,0.704,0,6,1,407,2,1.172223542,0.111,0,1,3,3,1,1,0.743,0.296,0,4,1,171,1,0.30458109899999997,0.111,0,1,1
404,2,2,1,0,0,0.718,0.198,0,3,1,124,1,0.07810118299999999,0.185,1,2,0,4,1,5,0.914,0.802,0,6,0,502,1,0.470243951,0.122,0,2,2
405,0,3,0,0,0,0.806,0.338,0,1,1,191,0,0.026390353,0.094,0,6,1,3,1,2,0.877,0.662,0,7,2,374,2,0.278519589,0.107,1,0,2
406,0,1,2,1,1,0.732,0.413,0,9,2,220,2,0.879847163,0.132,1,3,3,1,1,1,0.824,0.587,0,4,0,313,2,0.29655618,0.201,1,2,0
407,1,3,4,2,1,0.898,0.592,0,4,0,363,2,1.36025546,0.094,1,3,1,2,1,1,0.808,0.408,0,6,1,250,2,1.483347162,0.172,1,1,1
408,1,1,0,0,0,0.719,0.314,0,2,1,167,0,0.140463437,0.186,1,6,1,2,0,0,0.863,0.686,0,9,3,365,2,0.685645917,0.151,2,1,0
409,3,3,3,2,2,0.61,0.389,0,4,1,195,0,0.6971370969999999,0.123,0,1,1,7,0,1,0.761,0.611,0,6,2,306,2,0.48927201200000003,0.118,2,1,1
410,3,3,0,0,0,0.777,0.393,0,4,0,247,2,0.340948394,0.057,1,4,0,4,2,0,0.864,0.607,0,11,2,382,6,1.962340201,0.136,1,2,2
411,9,0,3,2,1,0.866,0.697,0,11,3,381,5,1.5730099100000001,0.121,1,0,2,1,0,3,0.765,0.303,0,2,1,166,0,0.085276218,0.09,1,1,1
412,2,0,5,1,4,0.855,0.643,0,7,2,337,2,0.39501487300000004,0.101,0,0,3,1,0,3,0.759,0.357,0,3,1,187,0,0.128619701,0.134,2,1,1
413,2,2,2,0,2,0.758,0.381,0,10,5,215,2,0.784563244,0.172,1,1,0,7,1,3,0.825,0.619,0,4,0,349,2,0.275569647,0.126,1,0,2
414,4,3,4,3,0,0.895,0.763,0,9,2,421,2,2.3740415169999998,0.059,0,0,3,3,0,2,0.725,0.237,0,1,0,131,0,0.31474134,0.122,1,1,1
415,1,2,3,0,2,0.597,0.222,0,2,1,119,0,0.037585365,0.227,3,6,1,3,1,2,0.882,0.778,0,8,1,416,2,0.468597272,0.06,1,2,2
416,1,0,3,0,3,0.645,0.348,0,4,1,186,2,0.276447477,0.161,2,3,0,7,0,1,0.808,0.652,0,5,0,349,2,0.6368159480000001,0.232,0,0,0
417,3,1,8,4,2,0.928,0.812,0,9,0,472,5,3.35479834,0.193,1,1,5,1,0,0,0.615,0.188,0,2,1,109,1,0.115400465,0.22,1,1,1
418,4,3,0,0,3,0.59,0.231,0,4,0,117,2,0.406538138,0.214,3,4,0,7,2,1,0.882,0.769,0,8,2,389,2,1.913226908,0.149,0,2,2
419,1,4,3,1,2,0.676,0.268,0,4,2,145,0,0.892819311,0.29,1,3,3,6,0,0,0.874,0.732,0,10,2,396,5,1.119905024,0.159,2,2,1
420,7,0,6,1,1,0.841,0.595,0,12,2,327,6,0.9260167272999998,0.193,0,2,5,1,0,1,0.735,0.405,0,0,0,223,0,0.0,0.17,0,1,1
421,1,0,4,2,1,0.889,0.709,0,9,0,404,1,1.558126168,0.131,1,2,1,1,0,1,0.705,0.291,0,3,2,166,1,0.223811952,0.229,0,1,1
422,2,6,2,0,0,0.763,0.32,0,3,1,194,1,0.2121049925,0.119,1,3,2,7,0,2,0.901,0.68,0,2,1,413,1,0.048114423,0.087,1,2,0
423,3,4,2,0,4,0.652,0.277,0,3,1,158,1,0.205378919,0.114,0,4,0,4,1,3,0.828,0.723,0,3,0,412,1,0.743694555,0.07,0,2,2
424,4,0,6,1,0,0.852,0.666,0,7,5,331,0,0.5642358559999999,0.079,0,5,4,1,0,1,0.681,0.334,0,7,1,166,3,0.9033524780000001,0.169,0,1,1
425,4,0,12,0,1,0.883,0.748,0,8,2,428,1,0.631097995,0.091,2,4,10,1,0,1,0.694,0.252,0,2,1,144,1,0.181960668,0.201,1,1,0
426,2,1,7,3,3,0.905,0.729,0,10,0,453,5,2.0094479379999997,0.159,0,0,4,2,0,1,0.762,0.271,0,2,1,168,0,0.21880888699999998,0.262,1,1,1
427,2,0,5,0,4,0.719,0.442,0,3,0,210,3,0.237048853,0.152,3,3,1,2,2,3,0.86,0.558,0,11,4,265,1,1.517418112,0.155,1,2,2
428,6,0,5,2,3,0.911,0.754,0,9,0,427,3,2.9761404139999996,0.199,0,1,3,0,0,2,0.727,0.246,0,4,0,139,2,0.2493602735,0.367,0,1,1
429,3,2,1,0,1,0.662,0.26,0,2,0,157,0,0.1101356,0.236,1,1,0,4,2,4,0.888,0.74,0,8,0,447,2,1.8235273025,0.089,1,2,2
430,3,3,5,1,1,0.869,0.716,0,10,3,389,2,1.170822692,0.111,2,0,3,1,0,2,0.669,0.284,0,3,0,154,1,0.277281293,0.227,1,1,1
431,6,5,3,0,0,0.636,0.249,0,7,2,132,3,0.41429531500000005,0.098,1,0,1,5,0,2,0.892,0.751,0,3,0,398,3,0.28048636,0.103,1,0,0
432,9,1,3,0,2,0.841,0.747,0,7,1,389,2,0.709514757,0.08,1,0,2,2,1,1,0.659,0.253,0,3,0,132,2,0.42941459,0.129,1,2,2
433,2,3,3,0,0,0.73,0.267,0,3,0,163,0,0.41328261699999996,0.362,2,6,2,3,1,3,0.886,0.733,0,10,3,448,3,0.638162524,0.181,0,2,2
434,3,0,1,0,3,0.809,0.543,0,4,2,283,1,0.52568718,0.177,0,4,0,0,1,4,0.739,0.457,0,4,0,238,2,0.365138988,0.155,1,1,2
435,3,1,2,1,1,0.68,0.316,0,4,1,169,2,0.24292744900000002,0.207,2,2,1,3,2,3,0.863,0.684,0,6,1,366,1,0.9292287730000001,0.123,2,2,2
436,3,0,3,0,0,0.602,0.19,0,3,2,113,0,0.47478539799999997,0.097,1,2,1,2,1,1,0.936,0.81,0,4,1,483,1,0.45962274599999997,0.079,0,1,2
437,6,1,7,2,1,0.898,0.743,0,11,4,501,2,1.286926872,0.06,1,2,4,3,0,2,0.676,0.257,0,1,1,173,0,0.028489469,0.064,0,1,1
438,3,5,1,1,3,0.877,0.749,0,5,0,465,1,0.383008464,0.168,1,1,1,6,0,0,0.673,0.251,0,2,0,156,1,0.33583673,0.115,2,1,1
439,5,4,0,0,1,0.718,0.44,0,3,1,248,0,0.0689723345,0.222,0,2,0,4,0,0,0.791,0.56,0,10,2,316,4,2.013857302,0.165,0,2,0
440,2,1,2,0,0,0.613,0.264,0,5,0,142,2,0.272881154,0.127,0,2,1,2,1,3,0.884,0.736,0,5,1,396,1,0.823885338,0.101,0,2,2
441,1,4,0,0,1,0.723,0.244,0,3,1,141,0,0.46097772299999995,0.213,0,3,0,5,1,1,0.897,0.756,0,3,1,436,0,0.249519759,0.186,0,2,2
442,2,2,4,0,2,0.792,0.412,0,7,1,212,4,0.884762898,0.094,1,2,1,5,2,4,0.855,0.588,0,5,2,303,0,0.521253624,0.03,0,2,2
443,0,0,5,0,0,0.755,0.248,0,3,0,155,1,0.13514032,0.181,1,3,1,2,1,2,0.906,0.752,0,5,0,470,2,1.234296168,0.074,1,0,2
444,7,0,1,1,3,0.887,0.733,0,14,3,371,5,1.0405837930000001,0.073,0,2,0,0,1,0,0.681,0.267,0,3,0,135,1,0.24946157600000002,0.193,1,0,0
445,3,1,8,1,3,0.88,0.706,0,9,3,434,3,0.8087762205,0.106,0,2,8,3,0,1,0.724,0.294,0,1,0,181,0,0.058498498,0.16,0,1,1
446,0,0,1,1,1,0.689,0.183,0,8,3,122,1,1.4099845834,0.311,0,0,0,1,1,2,0.926,0.817,0,4,0,543,1,0.1482497675,0.164,0,0,0
447,3,2,6,1,3,0.877,0.671,0,9,2,349,1,0.968827902,0.126,1,3,4,3,1,0,0.725,0.329,0,6,3,171,1,0.772523944,0.158,1,1,0
448,3,0,7,2,2,0.879,0.666,0,6,1,355,1,1.63434201,0.121,2,5,6,1,0,2,0.725,0.334,0,4,0,178,2,0.1113835944,0.079,1,1,1
449,7,1,4,1,1,0.892,0.825,0,12,3,461,6,1.1015331499999998,0.065,0,1,1,2,0,0,0.541,0.175,0,0,0,98,0,0.0,0.143,0,1,1
450,5,1,7,2,0,0.862,0.709,0,9,2,355,2,0.505963751,0.059,0,0,1,1,0,3,0.719,0.291,1,2,0,146,1,0.16813730999999998,0.144,2,1,1
451,3,1,4,0,0,0.654,0.285,0,4,0,127,3,0.1739793,0.173,2,3,0,3,1,2,0.855,0.715,0,7,0,318,4,1.033537842,0.053,0,2,2
452,3,3,0,0,0,0.765,0.211,0,5,0,119,1,0.201070401,0.101,1,3,0,3,4,2,0.912,0.789,0,12,1,444,2,1.756105588,0.056,0,2,2
453,4,3,4,1,1,0.551,0.237,0,6,2,127,0,0.28660115399999997,0.142,2,2,2,2,0,2,0.875,0.763,0,5,1,409,2,0.151223317,0.203,2,0,1
454,6,1,9,0,0,0.825,0.721,0,12,4,349,3,0.9442708040000001,0.241,0,2,7,1,0,1,0.578,0.279,0,2,2,135,0,0.108899075,0.215,1,1,0
455,4,2,7,1,2,0.895,0.774,0,8,2,455,2,1.03307941,0.204,0,1,7,3,1,3,0.639,0.226,0,3,1,133,0,0.66995508,0.271,2,1,0
456,1,1,6,0,1,0.733,0.354,0,2,0,180,2,0.08356448,0.128,3,2,2,5,2,2,0.881,0.646,0,7,0,329,1,1.154485088,0.109,2,2,2
457,4,0,4,0,2,0.82,0.656,0,6,3,328,2,0.414557526,0.113,1,3,0,3,0,3,0.576,0.344,0,2,0,172,1,0.23399926,0.267,0,1,0
458,3,0,3,3,3,0.922,0.782,0,10,1,462,4,1.7940937789999998,0.245,0,0,2,1,0,1,0.713,0.218,0,1,0,129,1,0.043863382,0.279,2,1,1
459,1,1,2,0,0,0.74,0.356,0,3,0,219,0,0.61299207,0.155,2,2,1,2,3,2,0.874,0.644,0,9,3,396,1,0.687220151,0.136,0,2,2
460,2,2,4,0,1,0.614,0.291,0,5,0,140,1,0.822242454,0.129,1,3,1,2,0,2,0.842,0.709,0,8,4,341,2,0.623569477,0.24,0,2,0
461,1,1,5,0,0,0.749,0.418,0,10,2,207,3,0.4460769680000001,0.135,0,4,1,3,0,1,0.84,0.582,0,5,1,288,2,0.489658674,0.076,0,2,0
462,3,2,1,0,3,0.671,0.375,0,8,2,164,3,1.0319931370000002,0.201,3,0,2,8,3,0,0.817,0.625,0,9,2,273,0,2.1709286779999997,0.095,2,2,2
463,1,1,3,1,4,0.689,0.319,0,2,1,180,0,0.059941653,0.261,0,4,2,1,1,4,0.849,0.681,0,12,4,384,6,1.0226838020000002,0.06,0,2,0
464,1,0,4,3,0,0.834,0.704,0,10,0,319,4,2.320651014,0.138,0,3,1,3,1,2,0.642,0.296,0,5,1,134,1,0.765204686,0.157,1,1,1
465,6,1,5,1,0,0.895,0.748,0,11,2,362,4,1.024548099,0.077,0,3,3,4,0,0,0.73,0.252,0,4,3,122,0,0.619197567,0.164,1,1,1
466,2,1,5,1,2,0.878,0.735,0,8,1,410,2,1.066820292,0.156,0,0,3,3,0,3,0.642,0.265,0,0,0,148,0,0.0,0.345,2,1,1
467,1,3,2,0,0,0.699,0.322,0,7,3,143,4,0.29512345300000004,0.245,1,6,0,6,0,3,0.85,0.678,0,3,0,301,2,0.18173726499999998,0.163,1,2,0
468,3,1,8,0,1,0.732,0.424,0,5,2,198,0,0.730863773,0.096,2,2,7,5,1,0,0.814,0.576,0,4,2,269,0,0.308137781,0.13,2,2,2
469,4,1,5,0,2,0.808,0.574,0,6,2,308,2,0.482811355,0.182,0,3,5,4,0,0,0.742,0.426,0,6,1,229,3,0.253634659,0.17,0,1,0
470,3,2,4,0,3,0.661,0.336,0,8,1,174,3,0.505475056,0.144,0,5,3,5,2,2,0.84,0.664,0,5,0,344,1,0.44801154200000004,0.166,1,2,2
471,1,5,2,0,2,0.715,0.268,0,3,0,158,1,0.363734404,0.196,1,2,0,7,1,3,0.884,0.732,0,7,1,432,1,1.1598164020000001,0.234,0,2,2
472,2,2,3,2,1,0.77,0.366,0,7,0,196,3,0.656641204,0.24,0,5,2,2,1,1,0.868,0.634,0,10,4,340,5,0.680533526,0.182,1,1,1
473,2,5,2,1,0,0.639,0.247,0,2,0,122,1,0.149679185,0.254,0,5,1,3,1,0,0.876,0.753,0,12,3,372,3,1.342441558,0.062,0,2,0
474,4,1,1,0,4,0.744,0.416,0,7,1,215,1,0.705920255,0.172,0,1,1,2,0,3,0.815,0.584,0,4,2,302,1,0.297988549,0.275,0,0,0
475,0,1,3,0,3,0.677,0.271,0,2,0,127,0,0.05626408,0.134,1,0,3,1,1,1,0.868,0.729,0,3,1,342,1,0.729408571,0.091,0,2,2
476,1,2,4,2,4,0.853,0.735,0,5,1,327,1,1.338156074,0.098,0,3,3,4,1,2,0.653,0.265,0,4,2,118,0,0.20036884,0.051,2,1,1
477,2,1,5,0,3,0.826,0.615,0,3,1,328,1,0.08357598799999999,0.168,0,1,3,2,0,3,0.717,0.385,0,7,2,205,2,0.6350373279999999,0.093,2,1,0
478,3,0,1,1,3,0.871,0.591,1,9,4,318,3,0.8253314600000001,0.119,1,2,0,2,0,1,0.818,0.409,0,6,0,220,3,0.5959246420000001,0.114,1,1,1
479,2,2,1,3,1,0.88,0.671,0,10,0,342,3,0.786143822,0.146,2,0,1,3,0,2,0.732,0.329,0,3,1,168,0,0.8360810300000001,0.119,1,1,1
480,2,0,2,0,0,0.64,0.296,0,7,0,136,3,0.4996686,0.081,2,0,2,3,0,4,0.83,0.704,0,1,0,323,1,0.021652788,0.124,2,0,0
481,7,1,8,0,1,0.871,0.769,0,14,5,396,3,1.3614983079999998,0.182,0,1,8,2,0,0,0.555,0.231,0,1,0,119,1,0.041084614,0.277,1,1,0
482,0,3,3,0,4,0.565,0.255,0,4,1,115,3,0.12203613599999999,0.148,0,5,3,6,0,2,0.833,0.745,0,6,1,336,1,0.7739272199999999,0.098,0,2,0
483,3,2,1,0,2,0.64,0.386,0,5,0,189,0,0.40862945,0.222,0,3,0,5,0,1,0.847,0.614,0,5,0,301,2,1.368067506,0.136,0,0,0
484,1,3,1,0,1,0.624,0.267,0,1,0,141,0,0.063702226,0.135,1,3,0,5,3,2,0.887,0.733,0,12,3,388,1,0.980684291,0.108,1,2,2
485,3,2,6,4,3,0.857,0.592,0,6,0,273,2,1.378134223,0.062,0,6,4,5,1,1,0.729,0.408,0,9,3,188,1,1.058709855,0.154,2,1,1
486,1,7,7,0,2,0.743,0.391,0,6,2,183,0,0.2581821375,0.137,1,3,3,8,1,1,0.835,0.609,0,7,1,285,1,0.6371060030000001,0.123,1,2,2
487,5,0,3,2,0,0.843,0.695,0,10,3,382,1,2.18913873,0.071,0,0,3,0,0,1,0.69,0.305,0,4,0,168,2,0.75454767,0.113,0,1,1
488,10,2,1,1,0,0.889,0.727,0,12,3,423,6,1.774740826,0.175,0,2,0,1,0,2,0.679,0.273,0,1,0,159,1,0.019003645,0.327,2,1,1
489,4,1,4,0,1,0.856,0.666,0,10,4,333,4,0.637432097,0.129,1,2,4,2,0,1,0.647,0.334,0,3,0,167,2,0.484191147,0.251,3,1,0
490,3,1,5,5,2,0.847,0.594,0,11,1,275,2,2.809688907,0.116,0,0,1,2,1,0,0.771,0.406,0,5,4,188,0,0.142210466,0.069,1,1,1
491,1,1,4,1,0,0.432,0.461,0,4,1,148,1,0.43423805,0.128,2,0,0,4,2,1,0.543,0.539,0,4,1,173,0,0.21428338500000002,0.133,0,2,2
492,2,1,3,5,2,0.866,0.694,0,10,1,306,3,2.7982402619999998,0.157,0,5,2,1,0,1,0.689,0.306,1,1,0,135,0,0.037314396,0.052,1,1,1
493,2,2,4,2,2,0.855,0.678,0,9,4,297,1,1.4213958380000002,0.057,0,1,2,4,0,4,0.681,0.322,0,4,1,141,0,0.673100036,0.184,1,1,1
494,1,3,2,0,1,0.678,0.315,0,2,0,174,1,0.142105866,0.207,0,1,1,5,0,0,0.857,0.685,0,4,2,378,0,0.170516151,0.212,0,2,0
495,4,3,1,2,0,0.885,0.692,0,9,2,330,2,1.533145942,0.079,1,1,1,5,0,2,0.599,0.308,0,3,1,147,1,0.161294088,0.143,1,1,1
496,1,1,3,3,4,0.859,0.641,0,12,4,311,0,1.355634444,0.064,0,0,2,4,1,1,0.718,0.359,0,2,0,174,1,0.93489257,0.201,1,0,1
497,1,2,2,0,3,0.563,0.317,0,3,1,142,0,0.08741364700000001,0.12,1,2,1,4,1,2,0.794,0.683,0,7,1,306,3,0.795201727,0.088,0,2,2
498,8,1,3,1,1,0.819,0.642,0,8,4,276,1,1.288238335,0.13,0,4,0,3,0,2,0.669,0.358,0,2,1,154,1,0.85368304,0.136,0,1,1
499,0,3,1,0,1,0.741,0.26,0,2,0,139,0,0.038955144,0.137,1,3,1,5,1,0,0.894,0.74,0,11,2,395,6,1.963495328,0.139,1,2,2
500,1,6,1,2,1,0.594,0.262,0,3,0,106,0,0.24414042,0.208,0,1,0,9,1,3,0.795,0.738,0,8,1,298,3,1.268131154,0.164,1,0,1
501,4,3,5,2,3,0.654,0.432,0,7,0,185,2,1.0729683410000002,0.178,1,3,1,7,1,1,0.765,0.568,0,7,2,243,1,0.6039251969999999,0.247,1,0,1
502,2,1,3,1,0,0.756,0.444,0,12,2,205,3,0.9105363806000001,0.059,0,3,0,1,2,1,0.763,0.556,0,5,0,257,1,0.983749682,0.066,0,1,2
503,7,1,5,4,2,0.879,0.701,0,16,4,373,4,2.389866713,0.072,1,0,3,4,0,2,0.723,0.299,0,0,0,159,0,0.0,0.107,3,1,1
504,1,4,2,0,3,0.807,0.599,1,6,1,238,0,0.499455439,0.16,1,1,1,7,0,0,0.673,0.401,0,0,0,159,0,0.0,0.101,1,2,0
505,3,0,3,0,1,0.855,0.71,0,7,3,365,1,1.063560556,0.11,1,1,1,3,0,0,0.591,0.29,0,0,0,149,0,0.0,0.228,1,1,0
506,1,1,2,0,1,0.703,0.353,0,8,0,182,3,0.5789006430000001,0.203,0,0,0,4,1,2,0.835,0.647,0,9,4,334,2,0.540971349,0.105,1,2,2
507,3,1,3,1,2,0.778,0.408,0,3,0,212,1,0.5243134199999999,0.156,1,1,1,2,3,2,0.85,0.592,0,10,0,307,6,1.7780574939999998,0.147,2,2,2
508,3,1,4,0,3,0.873,0.768,0,5,1,424,3,0.26230361299999994,0.203,0,0,1,2,0,2,0.602,0.232,0,0,0,128,0,0.0,0.18,1,0,0
509,1,1,1,0,0,0.677,0.284,0,2,1,130,0,0.050988382,0.162,2,13,0,3,2,0,0.845,0.716,0,14,6,328,1,1.738066562,0.076,0,2,2
510,1,3,3,1,3,0.669,0.285,0,3,0,136,1,0.22620059500000003,0.14,0,2,0,4,0,1,0.856,0.715,0,8,1,341,3,0.5569753669999999,0.065,1,1,1
511,2,3,2,0,0,0.616,0.292,0,1,0,151,0,0.30078444,0.139,1,5,0,4,0,0,0.814,0.708,0,10,4,366,4,0.721046012,0.098,0,2,0
512,3,1,6,2,1,0.859,0.651,0,9,2,340,2,0.9594793749999999,0.082,1,3,1,1,0,2,0.764,0.349,0,2,0,182,0,0.169133326,0.159,1,1,1
513,3,0,0,0,4,0.728,0.399,0,2,1,224,0,0.31627156300000003,0.143,0,5,1,1,0,1,0.817,0.601,0,7,2,338,2,0.6852703184999999,0.163,0,2,0
514,5,1,3,3,2,0.815,0.602,0,15,5,271,3,2.849052618,0.258,0,0,2,1,0,1,0.704,0.398,0,0,0,179,0,0.0,0.246,0,1,1
515,4,1,3,4,2,0.776,0.578,0,10,0,241,3,2.5417771599999996,0.087,1,2,3,1,0,1,0.682,0.422,0,2,0,176,1,0.077714615,0.114,0,1,1
516,3,4,1,0,0,0.615,0.29,0,3,1,143,2,0.109208536,0.119,1,3,0,8,0,0,0.837,0.71,0,10,3,350,4,0.76577749,0.097,1,2,0
517,0,1,6,1,0,0.701,0.388,1,3,0,154,1,0.6072378669999999,0.156,1,5,0,6,0,0,0.802,0.612,0,11,3,243,3,1.172330495,0.082,0,2,1
518,0,0,2,0,0,0.579,0.314,0,1,0,164,1,0.04359846,0.335,0,4,0,2,1,0,0.81,0.686,0,9,2,358,4,0.8159914105,0.209,1,2,2
519,3,3,2,2,0,0.855,0.593,0,11,2,297,4,1.4128575297,0.189,0,2,1,5,0,3,0.799,0.407,0,4,1,204,2,0.20732380500000003,0.172,2,1,1
520,1,1,5,0,1,0.718,0.332,0,2,0,149,1,0.029662128000000003,0.161,3,2,2,6,2,5,0.88,0.668,0,7,0,300,1,1.576376463,0.097,0,2,2
521,2,1,5,2,3,0.828,0.541,0,8,3,261,1,1.246728923,0.073,0,3,3,1,0,0,0.778,0.459,0,4,2,221,0,0.058232124,0.127,1,1,1
522,4,1,3,2,0,0.9,0.733,0,9,4,409,1,1.356165969,0.112,1,1,3,2,0,0,0.711,0.267,0,2,0,149,2,0.037112815,0.181,2,1,1
523,7,1,0,2,2,0.873,0.73,0,11,3,370,1,0.9320943329999999,0.105,0,2,0,3,1,3,0.657,0.27,0,5,0,137,1,1.1036087730000002,0.182,0,1,1
524,6,3,0,1,1,0.75,0.34,0,11,2,164,3,0.7087565209999999,0.098,2,3,0,5,3,3,0.875,0.66,0,8,2,319,2,2.602817277,0.169,0,2,2
525,1,2,5,0,1,0.679,0.237,0,8,2,134,4,0.429815332,0.149,1,3,1,2,0,1,0.907,0.763,0,5,1,431,1,0.6654982829999999,0.051,0,0,0
526,9,0,2,4,3,0.843,0.694,0,11,2,356,2,2.476798713,0.053,0,0,1,1,1,0,0.707,0.306,0,2,0,157,1,0.141026124,0.185,0,1,1
527,1,4,3,0,0,0.771,0.388,0,9,4,205,3,0.81098162,0.161,2,1,0,7,1,0,0.867,0.612,0,3,0,323,1,0.0984841905,0.093,0,0,2
528,0,5,1,2,1,0.686,0.297,0,5,2,159,1,0.682500623,0.038,0,2,0,6,1,1,0.862,0.703,0,5,1,376,1,0.143299324,0.088,1,1,1
529,2,0,1,1,0,0.704,0.391,0,7,3,179,2,0.8637040090000001,0.089,0,3,0,2,0,0,0.824,0.609,0,7,5,279,1,0.38192682800000005,0.054,2,1,1
530,0,4,5,3,2,0.771,0.466,0,4,0,240,0,1.640451374,0.292,0,4,4,5,1,1,0.84,0.534,0,5,1,275,1,0.6024314499999999,0.105,1,1,1
531,2,4,7,1,0,0.874,0.688,0,11,4,357,5,1.298112338,0.146,0,0,7,4,1,0,0.728,0.312,0,5,0,162,2,0.477842099,0.117,0,1,0
532,3,1,3,0,2,0.847,0.652,0,11,0,321,3,0.815775638,0.087,1,2,3,5,0,0,0.626,0.348,0,4,2,171,1,0.19367480499999998,0.088,2,0,0
533,0,3,3,0,1,0.69,0.434,0,5,2,187,0,0.17783573400000002,0.144,1,3,0,5,1,0,0.779,0.566,0,8,0,244,3,1.185662523,0.119,0,0,2
534,4,0,5,1,2,0.845,0.626,0,8,2,290,3,0.9380492375,0.086,1,0,4,0,0,0,0.775,0.374,0,2,0,173,2,0.068630284,0.064,2,1,1
535,6,0,2,0,4,0.825,0.653,0,9,1,297,4,0.8972313209999999,0.148,0,0,1,1,0,1,0.658,0.347,0,3,0,158,0,0.272464084,0.063,1,1,0
536,2,0,1,1,0,0.733,0.335,0,7,0,165,4,1.1821456275,0.17,0,4,0,3,1,1,0.841,0.665,0,6,5,327,0,0.4920362915,0.046,0,0,0
537,4,0,3,1,2,0.855,0.716,0,8,1,345,2,0.819540076,0.087,0,0,1,0,0,1,0.657,0.284,0,3,1,137,0,0.06881199600000001,0.088,2,1,1
538,3,1,1,1,1,0.861,0.556,0,7,2,267,0,0.337649761,0.157,1,5,1,2,0,0,0.798,0.444,0,9,4,213,4,0.43984920699999996,0.183,1,2,1
539,4,2,2,0,0,0.823,0.635,0,7,4,316,1,0.197580135,0.085,1,0,0,6,0,3,0.731,0.365,0,2,0,182,1,0.069057955,0.132,0,1,0
540,7,1,9,0,3,0.834,0.733,0,7,2,326,2,0.280667529,0.156,0,1,4,2,0,0,0.613,0.267,0,2,1,119,0,0.11678481,0.193,3,1,0
541,1,0,3,1,3,0.862,0.661,0,6,2,340,0,1.091257817,0.144,0,0,1,1,0,0,0.724,0.339,0,3,1,174,0,0.194903701,0.132,1,1,1
542,2,1,1,1,0,0.806,0.452,0,13,2,217,4,1.3546966759999999,0.258,1,0,0,1,0,3,0.856,0.548,0,4,1,263,3,0.15221028399999997,0.072,2,0,1
543,0,3,3,0,0,0.756,0.355,0,9,2,176,1,1.237779285,0.125,1,2,3,6,1,0,0.841,0.645,0,5,0,320,2,0.714831029,0.094,1,2,2
544,3,3,5,1,0,0.746,0.41,0,6,2,197,0,0.720203382,0.086,1,4,1,4,1,0,0.82,0.59,0,5,2,284,1,0.784513842,0.063,0,0,0
545,2,1,8,2,6,0.839,0.488,0,11,3,254,4,0.579350061,0.071,1,1,6,2,0,1,0.846,0.512,0,7,1,266,1,0.48462739000000005,0.128,1,1,1
546,4,1,7,3,0,0.859,0.576,0,11,3,319,4,1.8193071130000003,0.078,2,2,6,3,0,0,0.791,0.424,0,3,1,235,1,0.061456435000000004,0.081,2,1,1
547,1,4,2,0,2,0.724,0.328,0,4,1,174,0,0.105331386,0.126,0,5,0,5,2,0,0.854,0.672,0,8,1,357,3,0.67916851,0.185,0,2,2
548,5,0,2,0,0,0.749,0.392,0,7,2,167,2,0.164790923,0.132,2,4,1,4,3,2,0.819,0.608,0,7,1,259,2,1.753210215,0.046,0,2,2
549,2,0,5,0,2,0.787,0.482,0,9,1,244,2,0.844672789,0.189,1,0,0,4,0,0,0.794,0.518,0,3,1,262,1,0.17054592,0.164,3,1,0
550,2,1,1,1,0,0.759,0.41,1,6,1,203,1,0.225037755,0.138,0,0,0,2,1,2,0.873,0.59,0,4,1,292,2,1.070324433,0.137,1,1,0
551,5,0,3,2,3,0.838,0.701,0,6,1,365,3,0.6275789140000001,0.137,0,0,2,4,0,0,0.699,0.299,0,3,0,156,1,0.225335596,0.154,0,1,1
552,0,0,3,0,1,0.664,0.25,0,2,0,131,1,0.139255185,0.153,1,2,2,3,3,3,0.903,0.75,0,12,1,392,4,1.594146122,0.092,0,2,2
553,1,3,2,1,2,0.725,0.297,0,8,2,153,1,0.759044228,0.118,1,3,0,5,0,0,0.873,0.703,0,6,1,363,3,0.210845655,0.052,0,2,1
554,4,1,2,1,1,0.888,0.677,0,10,3,321,1,1.96432256,0.084,0,4,1,2,0,1,0.686,0.323,0,2,1,153,1,0.35031504700000005,0.183,2,0,1
555,1,2,4,2,2,0.849,0.633,1,12,2,304,5,3.1937695110000006,0.082,3,1,4,4,2,0,0.75,0.367,0,6,2,176,0,0.962583653,0.227,2,0,0
556,1,1,1,0,3,0.696,0.309,0,3,0,184,1,0.5349320470000001,0.212,0,5,0,2,0,3,0.867,0.691,0,6,2,412,2,0.5312207149999999,0.163,2,1,0
557,0,0,2,1,1,0.752,0.318,0,6,0,149,3,0.362677476,0.121,1,1,0,2,0,5,0.881,0.682,0,9,3,319,2,1.0196366875,0.147,0,1,1
558,1,4,4,2,1,0.881,0.624,0,6,1,335,2,0.904640558,0.122,0,2,3,4,1,0,0.837,0.376,0,6,0,202,3,0.453425316,0.203,2,1,1
559,2,0,1,0,0,0.728,0.24,0,5,1,147,2,0.516527621,0.054,0,0,0,1,3,0,0.916,0.76,0,8,3,466,2,0.9457262959999999,0.058,0,2,2
560,7,0,2,1,0,0.824,0.704,0,15,5,295,2,1.6429964000000001,0.092,1,0,1,3,1,3,0.573,0.296,0,4,0,124,2,0.561941189,0.161,1,0,0
561,2,0,1,0,1,0.796,0.412,0,4,1,221,0,0.156040527,0.086,0,6,0,1,0,1,0.867,0.588,0,9,4,315,3,1.191156322,0.063,1,1,0
562,1,3,11,0,5,0.857,0.695,0,8,1,322,4,0.988494401,0.106,1,3,8,3,0,1,0.667,0.305,0,3,0,141,2,0.794838272,0.099,0,1,0
563,0,2,6,1,1,0.832,0.683,0,3,0,286,1,0.565938219,0.101,1,1,2,4,0,6,0.654,0.317,0,4,2,133,0,0.13064532,0.068,0,1,1
564,2,2,4,0,1,0.84,0.665,0,11,3,331,3,0.44862917799999996,0.163,1,0,3,2,0,0,0.701,0.335,0,3,0,167,2,0.8114543329999999,0.138,2,0,0
565,1,1,5,1,0,0.871,0.662,0,10,5,303,1,0.76731021,0.267,0,5,3,3,0,0,0.697,0.338,0,4,1,155,0,0.11058528000000001,0.303,1,1,1
566,1,3,1,0,1,0.758,0.386,0,4,1,190,1,0.101194035,0.142,1,8,1,6,0,3,0.818,0.614,0,4,2,302,2,0.496232409,0.129,1,2,0
567,4,4,7,1,1,0.841,0.646,0,5,1,314,2,0.516591532,0.096,0,3,3,5,1,0,0.738,0.354,0,3,2,172,0,0.415292856,0.267,1,1,0
568,2,0,2,0,1,0.87,0.662,0,8,1,368,1,0.20602679899999998,0.071,1,1,1,1,1,2,0.729,0.338,0,5,1,188,2,0.437582861,0.069,2,0,2
569,0,1,2,0,1,0.635,0.245,0,3,0,126,3,0.136248214,0.143,2,2,1,7,1,0,0.915,0.755,0,7,1,388,2,0.6450958510000001,0.075,1,2,2
570,1,1,8,0,2,0.771,0.366,0,10,3,188,2,0.61708309,0.17,1,1,4,1,1,0,0.855,0.634,0,4,1,325,0,0.9613396009999999,0.074,1,0,2
571,3,2,1,1,0,0.66,0.339,1,5,2,141,0,0.419878781,0.234,0,3,0,3,1,0,0.84,0.661,0,10,1,275,0,0.9257095120000001,0.142,0,2,0
572,5,2,4,3,1,0.864,0.658,0,10,5,354,1,1.512624925,0.13,0,1,2,3,0,0,0.685,0.342,0,0,0,184,0,0.0,0.201,1,1,1
573,2,1,7,1,1,0.823,0.552,0,4,0,237,2,1.1325682849999998,0.131,2,0,4,3,0,2,0.75,0.448,0,2,1,192,1,0.0964541,0.255,1,1,1
574,6,0,2,0,2,0.787,0.702,0,16,5,314,7,1.239556409,0.121,0,0,0,1,0,1,0.571,0.298,0,3,0,133,0,0.27362418499999996,0.12,2,1,0
575,4,2,7,0,0,0.796,0.635,0,12,5,299,5,1.390571125,0.161,1,2,2,3,0,4,0.68,0.365,0,2,0,172,1,0.5348885299999999,0.076,2,1,0
576,3,5,6,0,2,0.685,0.424,0,3,1,178,0,0.202122305,0.219,1,4,3,7,0,0,0.769,0.576,0,6,3,242,1,0.259292474,0.198,1,2,0
577,4,5,9,1,0,0.793,0.614,0,6,2,290,1,0.38702984,0.076,0,0,8,7,0,6,0.648,0.386,0,3,0,182,3,0.40086386,0.137,1,1,1
578,2,1,5,1,0,0.784,0.566,0,10,3,241,3,2.152665754,0.191,1,5,4,3,0,5,0.681,0.434,0,5,0,185,3,0.6574165799999999,0.157,1,1,1
579,2,1,1,0,4,0.71,0.354,0,3,0,193,1,0.218876776,0.078,1,3,0,2,1,0,0.812,0.646,0,4,0,352,3,0.400531768,0.065,0,2,2
580,4,2,6,0,3,0.564,0.361,0,5,2,149,2,0.092925954,0.04,0,3,2,2,1,0,0.75,0.639,0,9,2,264,2,1.158906874,0.083,1,2,2
581,6,2,3,1,0,0.872,0.733,0,14,7,337,1,1.483325726,0.131,1,0,1,6,0,1,0.602,0.267,0,0,0,123,0,0.0,0.195,2,1,1
582,2,0,2,0,0,0.714,0.354,0,3,1,196,1,0.098807725,0.128,0,0,0,2,0,0,0.838,0.646,0,3,0,357,0,0.064022523,0.092,0,2,0
583,1,2,5,0,2,0.799,0.581,0,6,0,284,3,0.47372983,0.085,1,0,1,2,0,0,0.649,0.419,0,3,1,205,0,0.140744245,0.244,2,0,0
584,2,1,7,0,2,0.718,0.556,0,4,1,245,1,0.292512756,0.061,0,1,0,5,1,4,0.653,0.444,0,5,0,196,1,0.540287845,0.128,1,2,2
585,1,1,1,0,2,0.698,0.389,0,3,1,199,1,0.043551549,0.055,2,3,0,5,1,0,0.827,0.611,0,8,2,313,1,1.1670275275,0.048,1,2,2
586,1,3,4,0,0,0.857,0.587,0,9,2,301,2,0.277724438,0.13,2,1,2,4,0,1,0.726,0.413,0,2,1,212,0,0.08516783,0.274,2,1,0
587,2,4,4,0,2,0.744,0.48,0,1,0,215,0,0.031875066,0.186,0,2,2,6,1,2,0.755,0.52,0,12,6,233,2,0.9138504,0.279,2,2,2
588,4,0,3,1,0,0.796,0.726,0,7,1,294,2,0.971683528,0.082,2,3,2,3,1,1,0.586,0.274,0,7,1,111,1,0.764990273,0.09,2,1,0
589,1,12,6,0,5,0.527,0.439,0,3,1,203,0,0.760794898,0.089,1,4,4,17,2,0,0.695,0.561,0,5,1,259,1,1.348990229,0.143,1,2,2
590,4,2,7,0,0,0.86,0.707,0,13,5,335,5,1.567850508,0.137,0,0,3,6,0,1,0.712,0.293,0,2,0,139,0,0.075511506,0.201,2,1,0
591,2,0,6,2,3,0.843,0.683,0,7,0,300,1,0.880551929,0.07,0,2,4,3,0,2,0.647,0.317,0,2,1,139,0,0.08348292900000001,0.108,2,1,1
592,5,0,7,2,3,0.758,0.593,0,9,4,240,0,1.186222463,0.108,1,1,3,7,0,0,0.642,0.407,0,1,0,165,1,0.028200293,0.121,1,1,1
593,8,2,9,0,0,0.831,0.687,0,8,2,344,3,0.19239981,0.038,1,0,5,4,0,0,0.694,0.313,0,3,0,157,2,0.151766369,0.185,0,1,0
594,3,3,3,1,1,0.802,0.612,0,8,1,273,2,0.906870794,0.077,0,3,0,5,0,1,0.688,0.388,0,3,1,173,0,1.083476765,0.133,1,1,1
595,3,1,4,0,3,0.582,0.427,0,0,0,201,0,0.0,0.114,0,2,0,6,1,0,0.763,0.573,0,6,0,270,3,0.529662802,0.13,0,2,2
596,8,1,4,1,3,0.828,0.599,0,10,3,267,2,0.7297134019999999,0.037,1,3,3,3,0,0,0.709,0.401,0,3,0,179,1,0.23610820700000001,0.117,0,1,1
597,2,1,8,0,1,0.692,0.386,0,4,0,159,1,0.20064780299999999,0.057,0,5,0,4,1,1,0.767,0.614,0,8,3,253,2,0.3094466735,0.087,0,2,2
598,4,5,7,1,3,0.583,0.403,0,7,1,168,1,0.57461371,0.226,1,3,5,8,1,0,0.731,0.597,0,6,0,249,3,0.603173934,0.173,1,2,0
599,7,0,4,1,0,0.844,0.64,0,9,1,334,6,0.791053428,0.063,0,3,2,3,0,1,0.681,0.36,0,4,1,188,2,0.745111915,0.191,2,1,1
600,4,0,6,0,2,0.749,0.484,0,11,4,191,4,0.97377027,0.126,0,4,3,2,0,1,0.716,0.516,0,7,3,204,1,0.337743943,0.127,1,0,0
601,4,1,3,0,1,0.872,0.639,0,13,3,329,4,0.569400437,0.1,0,1,1,4,1,4,0.737,0.361,0,1,0,186,0,0.15238927,0.102,0,1,2
602,8,0,6,2,0,0.851,0.662,0,16,3,376,4,1.536800948,0.16,0,1,4,0,0,1,0.708,0.338,0,4,1,192,0,0.07763806000000001,0.12,0,1,1
603,1,3,3,0,0,0.753,0.429,0,5,0,243,1,0.3848526405,0.095,1,4,2,4,3,1,0.849,0.571,0,12,1,324,4,1.9605584225,0.191,0,2,2
604,3,1,7,0,2,0.739,0.531,0,4,3,268,1,0.171255083,0.201,0,0,4,3,3,1,0.755,0.469,0,6,0,237,2,1.145439476,0.135,0,2,2
605,6,1,4,1,2,0.758,0.545,0,7,1,244,2,0.5521259734999999,0.172,0,2,0,2,0,2,0.755,0.455,0,6,1,204,1,0.4555756889999999,0.113,2,0,1
606,1,4,5,1,3,0.791,0.516,0,5,1,253,1,0.22540472099999997,0.107,1,0,1,4,1,2,0.776,0.484,0,7,1,237,2,0.201547936,0.215,1,1,0
607,3,3,3,0,0,0.667,0.398,0,6,3,213,1,0.18965648699999998,0.188,0,2,0,5,0,3,0.835,0.602,0,9,1,322,2,0.450728959,0.093,0,2,0
608,1,2,2,0,2,0.659,0.376,0,3,0,176,0,0.4576788995,0.21,2,2,0,3,1,1,0.753,0.624,0,6,2,292,3,0.2397255339,0.243,0,2,2
609,1,1,4,1,4,0.768,0.546,0,9,4,267,1,0.8645661570000001,0.086,0,3,0,3,1,3,0.676,0.454,0,2,0,222,1,0.86923802,0.117,0,1,0
610,3,3,6,0,2,0.824,0.626,0,6,3,353,2,0.613601566,0.13,0,1,5,4,0,3,0.664,0.374,0,4,2,211,1,0.0994880375,0.081,0,0,0
611,0,3,5,0,1,0.874,0.593,0,6,0,350,0,0.184711851,0.103,0,2,5,4,0,1,0.725,0.407,0,2,2,240,0,0.072171241,0.092,1,0,0
612,4,1,3,0,1,0.76,0.546,0,5,1,292,2,0.206330901,0.065,1,0,1,1,0,1,0.774,0.454,0,3,0,243,1,0.143276407,0.082,0,0,0
613,2,1,9,1,0,0.739,0.575,0,6,1,238,1,0.90636621,0.223,1,1,4,2,1,3,0.659,0.425,0,7,1,176,1,0.902597474,0.193,1,0,0
614,2,0,2,0,4,0.608,0.439,0,8,3,222,3,0.301397588,0.126,0,4,1,3,0,5,0.75,0.561,0,5,0,284,3,0.110072702,0.074,1,2,0
615,6,2,2,1,3,0.738,0.511,0,10,2,225,1,1.0833111,0.156,1,3,1,3,2,0,0.772,0.489,0,9,4,215,1,0.716310668,0.079,0,2,2
616,3,2,2,0,1,0.802,0.48,0,6,0,248,2,0.20819338200000004,0.125,0,1,2,3,2,1,0.81,0.52,0,4,0,269,2,1.162734301,0.097,0,0,2
617,1,3,2,0,0,0.649,0.386,0,5,1,188,1,0.092751042,0.165,0,1,0,3,1,0,0.803,0.614,0,10,2,299,3,0.6321754785,0.087,0,2,2
618,2,1,2,1,1,0.779,0.575,1,7,1,235,0,1.1813578679999999,0.264,1,3,2,1,0,2,0.644,0.425,0,7,3,174,2,0.533113823,0.195,0,1,1
619,4,2,3,0,1,0.682,0.508,0,4,1,267,1,0.19793098,0.236,1,3,2,2,1,2,0.78,0.492,0,4,0,259,1,0.8225725019999999,0.259,1,2,2
620,6,0,1,0,1,0.831,0.65,0,14,0,325,7,1.5096853790000002,0.157,0,0,1,1,0,2,0.669,0.35,0,2,1,175,0,0.053377742,0.109,0,0,0
621,5,1,2,0,2,0.702,0.654,0,8,1,225,2,0.385212705,0.258,1,0,0,2,1,5,0.538,0.346,0,5,2,119,1,0.639149671,0.084,3,1,2
622,2,3,3,1,3,0.79,0.622,0,4,1,291,1,0.457143378,0.041,1,4,3,5,2,0,0.638,0.378,0,7,1,177,1,1.5175163479999998,0.164,0,1,2
623,2,2,3,1,4,0.803,0.532,0,9,2,300,4,1.0294807320000001,0.167,0,1,2,4,0,0,0.712,0.468,0,3,0,264,1,0.2106158435,0.106,2,1,1
624,2,0,1,3,2,0.748,0.561,0,7,0,266,0,1.7285627350000001,0.177,0,4,1,1,0,4,0.678,0.439,0,4,0,208,1,0.100178928,0.197,0,1,1
625,4,1,4,0,0,0.68,0.466,0,9,3,219,3,0.8308235900000001,0.21,0,0,1,4,0,0,0.797,0.534,0,4,1,251,0,0.305580317,0.056,0,0,0
626,2,0,4,0,0,0.722,0.458,0,5,1,245,2,0.5683746809999999,0.163,0,4,2,2,1,0,0.755,0.542,0,5,1,290,2,1.094805171,0.128,0,2,2
627,3,0,5,1,0,0.786,0.611,0,14,3,262,5,1.4882781135000003,0.08,1,1,1,2,0,3,0.683,0.389,0,2,1,167,1,0.0243441665,0.251,1,1,1
628,3,2,0,2,2,0.851,0.699,0,8,1,356,5,0.728163343,0.18,0,1,0,3,1,1,0.627,0.301,0,6,3,153,1,0.528845152,0.242,1,1,1
629,3,2,4,1,2,0.706,0.426,0,4,2,197,0,0.9002556749999999,0.254,1,3,1,5,1,0,0.762,0.574,0,6,2,265,1,0.266190281,0.166,1,0,0
630,4,1,0,0,2,0.645,0.404,0,5,0,203,3,0.487617634,0.133,0,1,0,1,0,1,0.723,0.596,0,5,1,300,0,0.609484719,0.173,0,0,0
631,1,3,3,0,1,0.752,0.307,0,3,1,157,0,0.362130932,0.229,1,3,0,6,1,1,0.847,0.693,0,7,2,354,1,0.612063865,0.155,2,2,2
632,4,0,4,2,0,0.843,0.479,0,10,4,268,2,0.6207149430000001,0.235,0,4,1,1,0,1,0.873,0.521,0,12,2,291,4,0.551327418,0.127,0,1,1
633,6,1,3,1,1,0.816,0.462,0,6,3,250,2,0.927323467,0.064,1,2,2,2,2,0,0.911,0.538,0,9,3,291,1,0.8667073160000001,0.069,1,2,2
634,1,1,3,0,0,0.867,0.615,0,4,1,300,2,0.7387668780000001,0.077,0,1,1,2,1,0,0.809,0.385,0,4,1,188,1,0.250747899,0.165,0,0,2
635,1,1,4,0,2,0.88,0.649,0,6,1,351,1,0.3533762285,0.162,0,2,3,3,1,1,0.758,0.351,0,1,0,190,0,0.18231645,0.047,0,1,2
636,3,1,5,0,1,0.865,0.534,0,3,0,288,2,0.170185674,0.049,2,1,2,1,0,2,0.865,0.466,0,3,1,251,2,0.484202712,0.207,1,1,0
637,3,0,2,1,0,0.824,0.508,0,6,2,295,1,0.42770975,0.153,0,0,1,0,1,1,0.864,0.492,0,5,0,286,1,0.313536993,0.042,0,2,0
638,0,1,5,0,2,0.764,0.286,0,2,0,157,0,0.137358155,0.248,0,6,2,3,1,1,0.895,0.714,0,11,2,392,3,1.101084436,0.12,0,2,2
639,0,1,3,1,0,0.878,0.492,0,4,1,294,0,0.13917435,0.071,0,1,2,2,0,3,0.884,0.508,0,8,2,303,1,0.366799726,0.079,1,1,1
640,2,0,2,0,1,0.91,0.542,0,12,5,332,3,0.48907636899999996,0.154,0,0,1,2,0,0,0.839,0.458,0,1,0,280,0,0.072645105,0.211,1,1,0
641,1,1,1,0,1,0.9,0.737,0,8,2,421,3,0.9084891740000001,0.05,1,1,0,1,1,0,0.76,0.263,0,4,1,150,1,0.30385152899999995,0.18,1,0,2
642,0,1,1,1,2,0.902,0.703,0,6,2,388,1,0.201522754,0.144,1,3,0,2,1,1,0.689,0.297,0,3,0,164,1,0.17592023799999998,0.287,1,1,0
643,2,0,2,0,1,0.776,0.409,0,5,3,192,1,0.18970299699999998,0.203,0,5,1,2,1,1,0.849,0.591,0,6,0,278,1,0.844780639,0.173,0,2,2
644,0,1,4,0,0,0.83,0.375,0,0,0,235,0,0.0,0.132,0,1,0,1,0,1,0.903,0.625,0,7,2,392,3,0.49560135099999997,0.133,0,2,0
645,2,2,1,0,0,0.822,0.468,0,1,0,236,1,0.043411396,0.119,0,8,0,4,1,0,0.806,0.532,0,13,4,268,2,1.290092945,0.213,0,2,2
646,1,1,4,1,0,0.782,0.317,0,3,1,179,1,0.322895849,0.022,0,1,1,3,0,0,0.906,0.683,0,7,1,385,1,0.8010449789999999,0.156,1,0,1
647,2,2,3,0,1,0.89,0.592,0,4,1,283,1,0.6664504659999999,0.099,0,2,3,5,0,0,0.81,0.408,0,5,2,195,1,0.37279846,0.179,0,0,0
648,4,1,3,2,1,0.877,0.619,0,10,2,326,3,1.9736569190000002,0.138,1,0,3,0,0,1,0.816,0.381,0,3,1,201,0,0.246255352,0.214,0,1,1
649,0,3,2,1,1,0.838,0.477,0,9,2,271,2,1.1090089280000002,0.166,0,2,1,3,0,0,0.855,0.523,0,1,0,297,1,0.1098275,0.061,0,2,1
650,1,0,2,0,2,0.853,0.584,0,4,1,293,2,0.23834497400000001,0.201,0,0,1,0,0,1,0.818,0.416,0,2,1,209,0,0.077359001,0.211,1,1,0
651,3,0,0,0,1,0.878,0.595,0,10,4,361,3,0.892677209,0.105,0,1,0,0,0,1,0.829,0.405,0,4,1,246,2,0.416965477,0.244,0,1,0
652,3,2,4,0,1,0.874,0.531,0,7,3,278,0,0.34993116700000004,0.137,1,3,3,4,1,0,0.862,0.469,0,5,1,246,0,0.372855724,0.252,1,2,2
653,6,0,2,0,1,0.76,0.555,0,5,1,258,0,0.8937420020000001,0.155,0,2,0,0,0,0,0.739,0.445,0,5,1,207,1,0.40631968900000004,0.097,0,2,0
654,1,1,3,0,0,0.779,0.39,0,7,4,172,1,0.31344166300000004,0.169,2,7,1,4,1,1,0.796,0.61,0,5,0,269,2,0.46046752700000004,0.234,0,2,2
655,1,1,4,0,2,0.667,0.312,0,4,0,153,1,0.278110839,0.157,1,2,1,4,1,0,0.828,0.688,0,3,0,337,0,0.101219366,0.062,0,2,2
656,2,1,0,0,0,0.822,0.398,0,2,0,230,1,0.063373144,0.191,1,2,0,4,0,1,0.905,0.602,0,3,1,348,0,0.25408742,0.046,0,1,0
657,2,0,1,1,2,0.828,0.366,0,3,1,186,0,1.064013867,0.204,0,3,0,1,0,1,0.891,0.634,0,9,2,322,5,0.7734002689999999,0.087,0,0,1
658,2,1,2,1,1,0.907,0.649,0,10,2,312,2,1.282493259,0.128,0,1,1,2,0,0,0.799,0.351,0,2,0,169,1,0.082458407,0.13,0,1,1
659,3,1,1,1,2,0.884,0.524,0,7,3,311,0,1.301500828,0.161,0,1,1,1,0,1,0.851,0.476,0,1,0,282,0,0.012453682,0.156,0,1,1
660,4,2,1,0,0,0.838,0.568,0,7,5,277,1,0.342263473,0.119,0,2,1,4,1,0,0.787,0.432,0,6,0,211,1,1.382946875,0.218,0,2,2
661,0,4,2,1,0,0.9,0.505,0,7,0,329,3,1.129087835,0.112,0,1,2,4,1,1,0.913,0.495,0,4,0,322,1,1.044641944,0.081,2,0,0
662,5,1,0,1,0,0.876,0.786,0,6,1,412,1,0.9763454619999999,0.248,0,1,0,3,0,1,0.634,0.214,0,4,0,112,2,0.42830106100000004,0.134,1,0,1
663,2,1,3,0,0,0.8,0.489,0,4,0,215,1,0.55512486,0.084,1,2,1,3,1,2,0.764,0.511,0,6,1,225,0,1.52036303,0.236,0,0,2
664,2,1,5,1,0,0.836,0.602,0,4,1,298,2,0.39619656700000006,0.117,0,0,1,4,1,0,0.787,0.398,0,2,0,197,0,0.37602644900000004,0.188,1,1,0
665,0,1,1,0,2,0.745,0.334,0,0,0,192,0,0.0,0.203,0,3,0,2,0,0,0.875,0.666,0,14,3,383,3,0.7181115249999999,0.183,0,2,0
666,0,0,4,0,3,0.8,0.359,0,1,0,200,1,0.06290091,0.25,0,1,1,1,0,0,0.902,0.641,0,5,1,357,1,0.526990831,0.056,0,1,0
667,2,2,2,0,1,0.843,0.459,0,6,2,255,1,0.318122197,0.133,0,4,1,3,1,1,0.844,0.541,0,6,1,301,1,0.980790852,0.063,0,2,2
668,4,0,3,0,3,0.769,0.299,0,4,2,169,0,0.19469355700000002,0.201,0,3,0,0,0,0,0.886,0.701,0,3,1,396,1,0.18974886600000002,0.078,0,2,0
669,2,0,1,0,0,0.883,0.469,0,5,3,291,1,0.184931128,0.22,0,0,0,1,1,2,0.884,0.531,0,5,2,329,1,0.642683895,0.167,0,2,2
670,6,2,2,0,1,0.733,0.52,0,7,2,236,2,0.635436484,0.144,0,3,2,3,2,0,0.784,0.48,0,7,1,218,2,0.745279417,0.133,0,2,2
671,0,1,4,1,1,0.807,0.503,0,6,3,269,0,1.752056754,0.086,1,0,3,4,0,0,0.835,0.497,0,2,1,266,0,0.081632357,0.248,1,1,1
672,0,0,1,0,0,0.847,0.602,0,7,3,327,0,0.34236364199999997,0.18,1,1,0,3,0,0,0.801,0.398,0,8,4,216,1,0.211074724,0.264,1,0,0
673,5,1,7,0,1,0.902,0.836,0,9,2,470,3,1.016083007,0.034,0,1,1,0,0,0,0.62,0.164,0,3,1,92,0,0.229812553,0.293,0,0,0
674,2,0,1,0,0,0.737,0.505,0,6,4,232,1,0.376984332,0.25,0,5,0,1,1,1,0.736,0.495,0,4,0,227,1,0.121739933,0.211,0,2,2
675,3,1,1,0,1,0.835,0.418,0,2,0,248,1,0.17098722900000002,0.101,0,0,1,2,0,1,0.89,0.582,0,6,2,345,0,0.483742964,0.125,1,0,0
676,0,1,4,0,0,0.732,0.333,0,1,0,168,1,0.030091116,0.137,0,2,1,2,0,1,0.86,0.667,0,5,0,336,2,1.0740828800000002,0.19,1,2,0
677,6,0,1,0,0,0.837,0.628,0,12,3,295,4,0.5933737740000001,0.247,0,0,0,1,0,0,0.703,0.372,0,0,0,175,0,0.0,0.206,1,2,0
678,0,4,4,0,1,0.693,0.34,0,0,0,163,0,0.0,0.178,0,4,1,5,1,0,0.873,0.66,0,13,3,316,6,1.9048546410000002,0.127,1,2,2
679,2,1,2,1,0,0.571,0.354,0,1,0,147,0,0.21575034,0.17,1,8,0,7,0,0,0.72,0.646,0,6,2,268,3,0.6759589739999999,0.157,0,1,1
680,1,1,3,2,0,0.878,0.665,0,7,1,395,1,1.371690799,0.089,0,2,1,1,0,0,0.734,0.335,0,2,0,199,1,0.18296737999999999,0.131,0,1,1
681,1,0,1,0,0,0.754,0.293,0,2,1,142,1,0.22905401999999997,0.183,0,7,1,1,0,0,0.86,0.707,0,11,5,343,1,0.7206444590000001,0.093,1,0,0
